fips,average_household_size
39001,2.56
39003,2.53
39005,2.5
39007,2.48
39009,2.47
39011,2.49
39013,2.35
39015,2.62
39017,2.68
39019,2.54
39021,2.53
39023,2.44
39025,2.65
39027,2.53
39029,2.43
39031,2.53
39033,2.37
39035,2.31
39037,2.48
39039,2.49
39041,2.78
39043,2.35
39045,2.66
39047,2.44
39049,2.47
39051,2.59
39053,2.56
39055,2.67
39057,2.41
39059,2.51
39061,2.37
39063,2.37
39065,2.55
39067,2.45
39069,2.52
39071,2.55
39073,2.48
39075,3.36
39077,2.58
39079,2.5
39081,2.35
39083,2.53
39085,2.39
39087,2.6
39089,2.57
39091,2.42
39093,2.5
39095,2.4
39097,2.57
39099,2.32
39101,2.43
39103,2.63
39105,2.49
39107,2.54
39109,2.49
39111,2.37
39113,2.32
39115,2.41
39117,2.73
39119,2.45
39121,2.45
39123,2.33
39125,2.48
39127,2.59
39129,2.68
39131,2.55
39133,2.54
39135,2.56
39137,2.6
39139,2.4
39141,2.52
39143,2.49
39145,2.5
39147,2.45
39149,2.62
39151,2.43
39153,2.41
39155,2.33
39157,2.49
39159,2.73
39161,2.49
39163,2.63
39165,2.73
39167,2.38
39169,2.6
39171,2.39
39173,2.44
39175,2.38
1007,2.95
1009,2.74
1011,2.73
1013,2.49
1015,2.52
1017,2.44
1019,2.28
1021,2.68
1023,2.37
1025,2.57
1027,2.45
1029,2.57
1031,2.62
1033,2.43
1035,2.48
1037,2.42
1039,2.49
1041,2.56
1043,2.55
1045,2.56
1047,2.53
1049,2.81
1051,2.65
1053,2.6
1055,2.56
1057,2.36
1059,2.62
1061,2.47
1063,2.7
1065,2.53
1067,2.47
1069,2.62
1071,2.56
1073,2.47
1075,2.27
1077,2.35
1079,2.46
1081,2.54
1083,2.64
1085,2.49
1087,2.24
1089,2.46
1091,2.42
1093,2.34
1095,2.72
1097,2.62
1099,2.62
1101,2.47
1103,2.55
1105,2.7
1107,2.51
1109,2.44
1111,2.49
1113,2.59
1115,2.62
1117,2.66
1119,2.61
1121,2.49
1123,2.48
1125,2.75
1127,2.54
1129,2.75
1131,2.86
1133,2.53
1001,2.68
1003,2.6
1005,2.61
2013,2.43
2016,3.59
2020,2.77
2050,3.86
2060,2.5
2068,2.34
2070,3.56
2090,2.69
2100,2.12
2105,2.26
2110,2.62
2122,2.57
2130,2.55
2150,2.98
2158,4.65
2164,2.9
2170,3.03
2180,3.26
2185,3.28
2188,3.97
2195,2.4
2198,2.77
2220,2.49
2230,2.15
2240,3.11
2261,3.1
2275,2.08
2282,2.32
2290,2.81
4001,3.67
4003,2.42
4005,2.7
4007,2.5
4009,3.02
4011,2.78
4012,2.14
4013,2.75
4015,2.43
4017,3.08
4019,2.49
4021,2.87
4023,3.04
4025,2.3
4027,2.77
5001,2.39
5003,2.52
5005,2.23
5007,2.75
5009,2.45
5011,2.39
5013,2.4
5015,2.49
5017,2.36
5019,2.28
5021,2.31
5023,2.5
5025,2.53
5027,2.37
5029,2.49
5031,2.52
5033,2.58
5035,2.67
5037,2.49
5039,2.26
5041,2.33
5043,2.43
5045,2.65
5047,2.58
5049,2.27
5051,2.35
5053,2.61
5055,2.56
5057,2.81
5059,2.59
5061,2.65
5063,2.52
5065,2.28
5067,2.25
5069,2.41
5071,2.5
5073,2.52
5075,2.45
5077,2.34
5079,2.43
5081,2.39
5083,2.48
5085,2.7
5087,2.46
5089,2.43
5091,2.5
5093,2.57
5095,2.27
5097,2.33
5099,2.48
5101,2.42
5103,2.34
5105,2.62
5107,2.48
5109,2.5
5111,2.57
5113,2.56
5115,2.62
5117,2.16
5119,2.49
5121,2.36
5123,2.51
5125,2.66
5127,2.66
5129,2.48
5131,2.53
5133,2.81
5135,2.37
5137,2.4
5139,2.43
5141,2.44
5143,2.55
5145,2.55
5147,2.36
5149,2.8
6001,2.78
6003,3.06
6005,2.36
6007,2.55
6009,2.45
6011,3.04
6013,2.82
6015,2.55
6017,2.69
6019,3.17
6021,2.92
6023,2.47
6025,3.61
6027,2.23
6029,3.21
6031,3.19
6033,2.34
6035,2.24
6037,3.02
6039,3.35
6041,2.41
6043,2.29
6045,2.51
6047,3.32
6049,2.32
6051,2.82
6053,3.26
6055,2.74
6057,2.38
6059,3.04
6061,2.67
6063,2.26
6065,3.24
6067,2.76
6069,3.33
6071,3.33
6073,2.86
6075,2.32
6077,3.16
6079,2.51
6081,2.85
6083,2.92
6085,2.95
6087,2.72
6089,2.54
6091,2.38
6093,2.26
6095,2.89
6097,2.59
6099,3.08
6101,2.95
6103,2.63
6105,2.38
6107,3.36
6109,2.28
6111,3.08
6113,2.77
6115,2.87
8001,2.98
8003,2.56
8005,2.63
8007,2.25
8009,2.3
8011,2.19
8013,2.45
8014,2.57
8015,2.21
8017,2.63
8019,2.13
8021,2.78
8023,2.46
8025,3.78
8027,2.15
8029,2.41
8031,2.3
8033,2.64
8035,2.76
8037,2.94
8039,2.82
8041,2.6
8043,2.21
8045,2.72
8047,2.14
8049,2.69
8051,2.34
8053,2.18
8055,2.08
8057,2.15
8059,2.44
8061,2.45
8063,2.35
8065,2.38
8067,2.38
8069,2.47
8071,2.36
8073,2.24
8075,2.61
8077,2.43
8079,1.91
8081,2.6
8083,2.44
8085,2.4
8087,2.67
8089,2.42
8091,2.31
8093,2.2
8095,2.52
8097,2.28
8099,2.44
8101,2.49
8103,2.48
8105,2.49
8107,2.46
8109,2.39
8111,2.15
8113,2.31
8115,2.44
8117,2.82
8119,2.42
8121,2.3
8123,2.8
8125,2.6
9001,2.76
9003,2.51
9005,2.46
9007,2.4
9009,2.56
9011,2.45
9013,2.49
9015,2.53
10001,2.71
10003,2.63
10005,2.52
12001,2.46
12003,3
12005,2.54
12007,2.72
12009,2.46
12011,2.73
12013,2.64
12015,2.26
12017,2.25
12019,2.84
12021,2.59
12023,2.66
12027,2.78
12029,2.41
12031,2.58
12033,2.53
12035,2.71
12037,2.24
12039,2.53
12041,2.54
12043,3.04
12045,2.52
12047,2.35
12049,3.33
12051,3.18
12053,2.45
12055,2.39
12057,2.64
12059,2.6
12061,2.44
12063,2.52
12065,2.17
12067,2.81
12069,2.57
12071,2.59
12073,2.43
12075,2.53
12077,2.77
12079,2.52
12081,2.52
12083,2.48
12085,2.39
12086,3.08
12087,2.55
12089,2.66
12091,2.5
12093,2.77
12095,2.75
12097,3.23
12099,2.54
12101,2.53
12103,2.27
12105,2.77
12107,2.57
12109,2.62
12111,2.64
12113,2.65
12115,2.21
12117,2.85
12119,2.05
12121,2.69
12123,2.44
12125,2.58
12127,2.46
12129,2.57
12131,2.45
12133,2.66
13001,2.63
13003,2.98
13005,2.71
13007,2.55
13009,2.62
13011,2.8
13013,3.05
13015,2.81
13017,2.68
13019,2.71
13021,2.59
13023,2.71
13025,2.79
13027,2.37
13029,2.89
13031,2.54
13033,2.81
13035,2.7
13037,2.13
13039,2.68
13043,2.75
13045,2.72
13047,2.71
13049,3.32
13051,2.55
13053,3.24
13055,2.49
13057,2.84
13059,2.55
13061,2.57
13063,2.97
13065,2.49
13067,2.64
13069,2.73
13071,2.86
13073,2.98
13075,2.74
13077,2.73
13079,2.72
13081,2.64
13083,2.47
13085,2.74
13087,2.46
13089,2.63
13091,2.35
13093,2.52
13095,2.52
13097,2.87
13099,2.62
13101,2.86
13103,2.95
13105,2.49
13107,2.68
13109,2.6
13111,2.48
13113,2.8
13115,2.64
13117,3.14
13119,2.54
13121,2.5
13123,2.58
13125,2.67
13127,2.49
13129,2.83
13131,2.7
13133,2.4
13135,3.12
13137,2.74
13139,3
13141,2.49
13143,2.63
13145,2.79
13147,2.48
13149,2.65
13151,3
13153,2.72
13155,2.71
13157,2.88
13159,2.61
13161,2.75
13163,2.61
13165,2.53
13167,2.8
13169,2.76
13171,2.62
13173,2.72
13175,2.65
13177,2.76
13179,2.72
13181,2.23
13183,3.27
13185,2.78
13187,2.66
13189,2.61
13191,2.63
13193,2.62
13195,2.75
13197,2.83
13199,2.65
13201,2.42
13205,2.55
13207,2.68
13209,2.62
13211,2.76
13213,2.75
13215,2.61
13217,2.92
13219,2.88
13221,2.63
13223,2.99
13225,2.5
13227,2.61
13229,2.72
13231,2.92
13233,2.78
13235,2.55
13237,2.49
13239,2.29
13241,2.34
13243,2.54
13245,2.68
13247,2.91
13249,2.7
13251,2.61
13253,2.62
13255,2.76
13257,2.7
13259,2.48
13261,2.58
13263,2.43
13265,2.42
13267,2.46
13269,2.39
13271,2.37
13273,2.68
13275,2.53
13277,2.76
13279,2.5
13281,2.34
13283,2.38
13285,2.73
13287,2.63
13289,2.79
13291,2.54
13293,2.55
13295,2.59
13297,2.88
13299,2.39
13301,2.58
13303,2.64
13305,2.77
13307,2.56
13309,2.16
13311,2.42
13313,2.96
13315,2.52
13317,2.45
13319,2.8
13321,2.65
15001,2.9
15003,3.06
15005,1.37
15007,3.07
15009,2.96
16001,2.61
16003,2.39
16005,2.67
16007,2.51
16009,2.45
16011,3.07
16013,2.35
16015,2.29
16017,2.36
16019,2.9
16021,2.55
16023,2.59
16025,2.42
16027,2.98
16029,2.57
16031,2.96
16033,3.22
16035,2.05
16037,2.33
16039,2.6
16041,3.03
16043,2.75
16045,2.63
16047,2.84
16049,2.38
16051,3.3
16053,2.95
16055,2.54
16057,2.33
16059,2.03
16061,2.31
16063,3.21
16065,3.6
16067,2.83
16069,2.4
16071,2.66
16073,2.85
16075,2.77
16077,2.99
16079,2.16
16081,2.85
16083,2.71
16085,2.99
16087,2.59
17059,2.23
17061,2.43
17063,2.7
17065,2.36
17067,2.35
17069,2.49
17071,2.26
17073,2.44
17075,2.42
17077,2.36
17079,2.53
17081,2.39
17083,2.45
17085,2.33
17087,2.48
17089,3.01
17091,2.61
17093,3.11
17095,2.25
17097,2.83
17099,2.48
17101,2.22
17103,2.37
17105,2.32
17107,2.17
17109,2.29
17111,2.79
17113,2.53
17115,2.35
17117,2.42
17119,2.45
17121,2.4
17123,2.38
17125,2.27
17127,2.45
17129,2.42
17131,2.4
17133,2.62
17135,2.17
17137,2.29
17139,2.51
17141,2.5
17143,2.39
17145,2.46
17147,2.47
17149,2.34
17151,2.52
17153,2.5
17155,2.37
17157,2.49
17159,2.43
17161,2.36
17163,2.57
17165,2.43
17167,2.35
17169,2.2
17171,2.42
17173,2.42
17175,2.41
17177,2.37
17179,2.45
17181,2.53
17001,2.44
17003,2.65
17005,2.57
17007,2.95
17009,2.43
17011,2.4
17013,2.37
17015,2.22
17017,2.51
17019,2.38
17021,2.31
17023,2.4
17025,2.39
17027,2.59
17029,2.31
17031,2.65
17033,2.37
17035,2.51
17037,2.65
17039,2.36
17041,2.58
17043,2.72
17045,2.29
17047,2.37
17049,2.54
17051,2.63
17053,2.39
17055,2.41
17057,2.37
17183,2.47
17185,2.37
17187,2.42
17189,2.46
17191,2.34
17193,2.28
17195,2.4
17197,3.02
17199,2.43
17201,2.51
17203,2.65
18001,2.8
18003,2.55
18005,2.57
18007,2.52
18009,2.35
18011,2.61
18013,2.44
18015,2.55
18017,2.57
18019,2.59
18021,2.54
18023,2.76
18025,2.56
18027,2.78
18029,2.63
18031,2.57
18033,2.58
18035,2.4
18037,2.55
18039,2.8
18041,2.5
18043,2.57
18045,2.4
18047,2.57
18049,2.55
18051,2.51
18053,2.39
18055,2.54
18057,2.73
18059,2.68
18061,2.67
18063,2.76
18065,2.54
18067,2.37
18069,2.44
18071,2.57
18073,2.71
18075,2.58
18077,2.37
18079,2.62
18081,2.69
18083,2.4
18085,2.58
18087,3.22
18089,2.65
18091,2.38
18093,2.44
18095,2.41
18097,2.5
18099,2.67
18101,2.42
18103,2.6
18105,2.36
18107,2.52
18109,2.68
18111,2.56
18113,2.58
18115,2.5
18117,2.54
18119,2.46
18121,2.58
18123,2.42
18125,2.49
18127,2.62
18129,2.51
18131,2.48
18133,2.52
18135,2.39
18137,2.58
18139,2.42
18141,2.5
18143,2.61
18145,2.54
18147,2.58
18149,2.62
18151,2.44
18153,2.47
18155,2.55
18157,2.46
18159,2.4
18161,2.44
18163,2.35
18165,2.39
18167,2.45
18169,2.36
18171,2.5
18173,2.63
18175,2.62
18177,2.4
18179,2.52
18181,2.53
18183,2.5
19001,2.25
19003,2.18
19005,2.26
19007,2.28
19009,2.15
19011,2.51
19013,2.42
19015,2.37
19017,2.45
19019,2.5
19021,2.55
19023,2.37
19025,2.19
19027,2.36
19029,2.18
19031,2.37
19033,2.17
19035,2.14
19037,2.27
19039,2.43
19041,2.27
19043,2.3
19045,2.36
19047,2.64
19049,2.69
19051,2.73
19053,2.38
19055,2.48
19057,2.36
19059,2.14
19061,2.41
19063,2.23
19065,2.31
19067,2.28
19069,2.42
19071,2.36
19073,2.3
19075,2.37
19077,2.34
19079,2.36
19081,2.33
19083,2.37
19085,2.37
19087,2.43
19089,2.39
19091,2.28
19093,2.24
19095,2.34
19097,2.29
19099,2.41
19101,2.24
19103,2.37
19105,2.34
19107,2.33
19109,2.23
19111,2.4
19113,2.42
19115,2.58
19117,2.34
19119,2.57
19121,2.48
19123,2.41
19125,2.43
19127,2.6
19129,2.63
19131,2.41
19133,2.19
19135,2.37
19137,2.22
19139,2.59
19141,2.28
19143,2.28
19145,2.34
19147,2.23
19149,2.45
19151,2.18
19153,2.5
19155,2.48
19157,2.31
19159,2.4
19161,2.25
19163,2.46
19165,2.32
19167,2.73
19169,2.35
19171,2.51
19173,2.23
19175,2.3
19177,2.49
19179,2.38
19181,2.54
19183,2.43
19185,2.41
19187,2.27
19189,2.2
19191,2.24
19193,2.58
19195,2.35
19197,2.31
20109,2.21
20111,2.43
20113,2.37
20115,2.4
20117,2.27
20119,2.51
20121,2.55
20123,2.25
20125,2.47
20127,2.36
20129,2.53
20131,2.32
20133,2.47
20135,2.18
20137,2.24
20139,2.44
20141,2.08
20143,2.39
20145,2.32
20147,2.29
20149,2.72
20151,2.39
20153,2.07
20155,2.44
20157,2.07
20159,2.42
20161,2.49
20163,2.28
20165,2.1
20167,2.12
20169,2.42
20171,2.21
20173,2.59
20175,3.05
20177,2.44
20179,2.21
20181,2.14
20183,2.21
20185,2.35
20187,2.58
20189,2.84
20191,2.55
20193,2.39
20195,2.21
20197,2.59
20199,2.52
20201,2.27
20203,2.79
20205,2.37
20207,2.08
20209,2.71
20001,2.39
20003,2.37
20005,2.53
20007,2.38
20009,2.38
20011,2.54
20013,2.38
20015,2.63
20017,2.34
20019,2.21
20021,2.59
20023,2.09
20025,2.25
20027,2.45
20029,2.24
20031,2.33
20033,2.48
20035,2.48
20037,2.49
20039,1.91
20041,2.45
20043,2.32
20045,2.43
20047,2.27
20049,2.1
20051,2.35
20053,2.08
20055,2.9
20057,3.04
20059,2.56
20061,2.83
20063,2.25
20065,2.12
20067,2.86
20069,2.78
20071,2.46
20073,2.23
20075,2.59
20077,2.34
20079,2.47
20081,2.93
20083,2.36
20085,2.51
20087,2.47
20089,2.1
20091,2.56
20093,2.81
20095,2.54
20097,2.21
20099,2.44
20101,2.07
20103,2.7
20105,2.31
20107,2.26
21001,2.5
21003,2.59
21005,2.56
21007,2.48
21009,2.48
21011,2.76
21013,2.44
21015,2.77
21017,2.51
21019,2.41
21021,2.42
21023,2.54
21025,2.41
21027,2.71
21029,2.71
21031,2.44
21033,2.39
21035,2.35
21037,2.49
21039,2.39
21041,2.63
21043,2.54
21045,2.44
21047,2.67
21049,2.49
21051,2.53
21053,2.6
21055,2.4
21057,2.45
21059,2.48
21061,2.51
21063,2.44
21065,2.49
21067,2.35
21069,2.57
21071,2.45
21073,2.28
21075,2.33
21077,2.73
21079,2.55
21081,2.91
21083,2.56
21085,2.6
21087,2.46
21089,2.54
21091,2.62
21093,2.58
21095,2.43
21097,2.57
21099,2.49
21101,2.41
21103,2.57
21105,2.29
21107,2.45
21109,2.39
21111,2.41
21113,2.65
21115,2.53
21117,2.58
21119,2.57
21121,2.5
21123,2.6
21125,2.54
21127,2.6
21129,2.2
21131,2.59
21133,2.44
21135,2.54
21137,2.48
21139,2.44
21141,2.44
21143,2.19
21145,2.33
21147,2.56
21149,2.5
21151,2.49
21153,2.57
21155,2.51
21157,2.43
21159,2.57
21161,2.52
21163,2.73
21165,2.56
21167,2.4
21169,2.51
21171,2.39
21173,2.61
21175,2.45
21177,2.6
21179,2.62
21181,2.47
21183,2.7
21185,2.98
21187,2.59
21189,2.56
21191,2.67
21193,2.47
21195,2.38
21197,2.56
21199,2.45
21201,2.31
21203,2.51
21205,2.44
21207,2.48
21209,2.65
21211,2.67
21213,2.56
21215,2.72
21217,2.46
21219,2.7
21221,2.35
21223,2.46
21225,2.43
21227,2.48
21229,2.56
21231,2.57
21233,2.54
21235,2.6
21237,2.45
21239,2.55
22001,2.7
22003,2.66
22005,2.84
22007,2.64
22009,2.52
22011,2.69
22013,2.35
22015,2.57
22017,2.55
22019,2.55
22021,2.48
22023,2.57
22025,2.48
22027,2.51
22029,2.33
22031,2.61
22033,2.57
22035,2.26
22037,2.43
22039,2.65
22041,2.54
22043,2.63
22045,2.77
22047,2.61
22049,2.49
22051,2.57
22053,2.65
22055,2.55
22057,2.68
22059,2.46
22061,2.56
22063,2.79
22065,2.55
22067,2.5
22069,2.66
22071,2.38
22073,2.55
22075,2.7
22077,2.56
22079,2.68
22081,2.54
22083,2.59
22085,2.6
22087,2.92
22089,2.83
22091,2.59
22093,2.69
22095,2.83
22097,2.68
22099,2.77
22101,2.58
22103,2.7
22105,2.68
22107,2.48
22109,2.78
22111,2.6
22113,2.69
22115,2.82
22117,2.54
22119,2.51
22121,2.61
22123,2.48
22125,3.04
22127,2.36
23001,2.34
23003,2.24
23005,2.37
23007,2.48
23009,2.18
23011,2.28
23013,2.27
23015,2.25
23017,2.6
23019,2.36
23021,2.24
23023,2.26
23025,2.34
23027,2.26
23029,2.18
23031,2.4
24001,2.33
24003,2.66
24005,2.56
24009,2.87
24011,2.7
24013,2.73
24015,2.73
24017,2.84
24019,2.41
24021,2.68
24023,2.47
24025,2.69
24027,2.78
24029,2.39
24031,2.76
24033,2.86
24035,2.75
24037,2.79
24039,2.26
24041,2.3
24043,2.5
24045,2.62
24047,2.45
24510,2.47
25001,2.24
25003,2.22
25005,2.53
25007,2.79
25009,2.59
25011,2.3
25013,2.57
25015,2.36
25017,2.56
25019,2.62
25021,2.58
25023,2.71
25025,2.39
25027,2.6
26001,2.08
26003,2.43
26005,2.67
26007,2.24
26009,2.38
26011,2.36
26013,2.14
26015,2.56
26017,2.42
26019,2.37
26021,2.46
26023,2.58
26025,2.48
26027,2.56
26029,2.39
26031,2.26
26033,2.46
26035,2.28
26037,2.64
26039,2.3
26041,2.3
26043,2.31
26045,2.45
26047,2.33
26049,2.48
26051,2.3
26053,2.1
26055,2.46
26057,2.45
26059,2.5
26061,2.51
26063,2.3
26065,2.4
26067,2.72
26069,2.2
26071,2.07
26073,2.61
26075,2.48
26077,2.47
26079,2.38
26081,2.63
26083,2.1
26085,2.53
26087,2.64
26089,2.31
26091,2.46
26093,2.66
26095,2.27
26097,2.07
26099,2.52
26101,2.28
26103,2.38
26105,2.3
26107,2.61
26109,2.19
26111,2.45
26113,2.52
26115,2.55
26117,2.59
26119,2.27
26121,2.56
26123,2.58
26125,2.47
26127,2.6
26129,2.22
26131,2.01
26133,2.6
26135,2.27
26137,2.38
26139,2.74
26141,2.13
26143,2.06
26145,2.44
26147,2.47
26149,2.59
26151,2.55
26153,2.38
26155,2.49
26157,2.49
26159,2.61
26161,2.43
26163,2.63
26165,2.56
27001,2.05
27003,2.7
27005,2.41
27007,2.59
27009,2.45
27011,2.18
27013,2.46
27015,2.27
27017,2.51
27019,2.76
27021,2.19
27023,2.36
27025,2.63
27027,2.51
27029,2.48
27031,1.93
27033,2.38
27035,2.36
27037,2.59
27039,2.67
27041,2.32
27043,2.18
27045,2.4
27047,2.33
27049,2.42
27051,2.32
27053,2.39
27055,2.35
27057,2.32
27059,2.68
27061,2.33
27063,2.32
27065,2.55
27067,2.48
27069,2.28
27071,2.18
27073,2.24
27075,2.06
27077,2.4
27079,2.52
27081,2.25
27083,2.46
27085,2.4
27087,2.71
27089,2.32
27091,2.26
27093,2.48
27095,2.52
27097,2.43
27099,2.51
27101,2.24
27103,2.39
27105,2.71
27107,2.4
27109,2.52
27111,2.34
27113,2.34
27115,2.42
27117,2.3
27119,2.37
27121,2.23
27123,2.47
27125,2.43
27127,2.43
27129,2.34
27131,2.5
27133,2.37
27135,2.44
27137,2.26
27139,2.9
27141,2.89
27143,2.46
27145,2.52
27147,2.52
27149,2.55
27151,2.21
27153,2.45
27155,2.19
27157,2.36
27159,2.35
27161,2.43
27163,2.67
27165,2.45
27167,2.29
27169,2.46
27171,2.82
27173,2.33
28001,2.5
28003,2.49
28005,2.55
28007,2.52
28009,2.83
28011,2.6
28013,2.46
28015,2.75
28017,2.63
28019,2.49
28021,2.74
28023,2.51
28025,2.57
28027,2.62
28029,2.82
28031,2.76
28033,2.8
28035,2.58
28037,2.36
28039,3.02
28041,2.59
28043,2.86
28045,2.43
28047,2.52
28049,2.68
28051,2.82
28053,2.91
28055,2.33
28057,2.54
28059,2.78
28061,2.4
28063,2.81
28065,2.35
28067,2.71
28069,2.53
28071,2.65
28073,2.68
28075,2.56
28077,2.63
28079,2.67
28081,2.6
28083,2.76
28085,2.62
28087,2.5
28089,2.65
28091,2.58
28093,2.63
28095,2.57
28097,2.43
28099,2.71
28101,2.61
28103,2.69
28105,2.51
28107,2.81
28109,2.61
28111,2.75
28113,2.65
28115,2.87
28117,2.5
28119,2.49
28121,2.62
28123,2.85
28125,2.64
28127,2.77
28129,2.65
28131,3
28133,2.81
28135,2.4
28137,2.67
28139,2.61
28141,2.52
28143,2.6
28145,2.66
28147,2.58
28149,2.58
28151,2.69
28153,2.67
28155,2.45
28157,2.6
28159,2.38
28161,2.39
28163,2.82
29151,2.62
29153,2.22
29155,2.53
29157,2.54
29159,2.56
29161,2.52
29163,2.47
29165,2.46
29167,2.52
29169,2.84
29171,2.2
29173,2.53
29175,2.72
29177,2.63
29179,2.4
29181,2.57
29183,2.65
29185,2.31
29186,2.48
29187,2.33
29189,2.44
29195,2.48
29197,2.52
29199,2.58
29201,2.52
29203,2.5
29205,2.37
29207,2.43
29209,2.42
29211,2.56
29213,2.43
29215,2.67
29217,2.5
29219,2.74
29221,2.67
29223,2.43
29225,2.78
29227,2.25
29229,2.48
29510,2.2
29001,2.36
29003,2.51
29005,2.13
29007,2.58
29009,2.67
29011,2.41
29013,2.44
29015,2.28
29017,2.56
29019,2.41
29021,2.58
29023,2.51
29025,2.39
29027,2.52
29029,2.6
29031,2.49
29033,2.48
29035,2.54
29037,2.63
29039,2.33
29041,2.52
29043,2.69
29045,2.42
29047,2.6
29049,2.48
29051,2.44
29053,2.47
29055,2.61
29057,2.34
29059,2.62
29061,2.65
29063,2.48
29065,2.6
29067,2.54
29069,2.44
29071,2.53
29073,2.35
29075,2.38
29077,2.31
29079,2.45
29081,2.37
29083,2.29
29085,2.25
29087,2.11
29089,2.53
29091,2.45
29093,2.46
29095,2.44
29097,2.52
29099,2.68
29101,2.49
29103,2.34
29105,2.6
29107,2.44
29109,2.6
29111,2.45
29113,2.87
29115,2.53
29117,2.39
29119,2.71
29121,2.43
29123,2.63
29125,2.44
29127,2.43
29129,2.43
29131,2.61
29133,2.41
29135,2.62
29137,2.43
29139,2.37
29141,2.55
29143,2.49
29145,2.62
29147,2.28
29149,2.48
30001,2.15
30003,3.63
30005,2.87
30007,2.32
30009,2.27
30011,2.38
30013,2.35
30015,2.5
30017,2.38
30019,1.99
30021,2.24
30023,2.13
30025,2.47
30027,2.25
30029,2.48
30031,2.39
30033,2.39
30035,3.07
30037,2.29
30039,2.19
30041,2.63
30043,2.51
30045,2.18
30047,2.38
30049,2.38
30051,2.52
30053,2.21
30055,2.31
30057,2.23
30059,2.47
30061,2.67
30063,2.33
30065,2.43
30067,2.28
30069,2.31
30071,2.26
30073,2.52
30075,2.19
30077,2.25
30079,2.46
30081,2.43
30083,2.51
30085,3.54
30087,2.81
30089,2.21
30091,2.16
30093,2.22
30095,2.44
30097,2.55
30099,2.5
30101,2.24
30103,2.3
30105,2.26
30107,2.34
30109,2.15
30111,2.44
31001,2.35
31003,2.27
31005,2.49
31007,2.42
31009,2.39
31011,2.37
31013,2.31
31015,2.15
31017,2
31019,2.49
31021,2.33
31023,2.26
31025,2.57
31027,2.39
31029,2.25
31031,2.14
31033,2.27
31035,2.4
31037,2.87
31039,2.41
31041,2.25
31043,2.81
31045,2.22
31047,2.71
31049,2.34
31051,2.51
31053,2.37
31055,2.52
31057,2.18
31059,2.22
31061,2.15
31063,2.25
31065,2.11
31067,2.3
31069,2.1
31071,2.1
31073,2.46
31075,2.42
31077,2.46
31079,2.67
31081,2.45
31083,2.19
31085,2.25
31087,2.12
31089,2.25
31091,1.97
31093,2.47
31095,2.18
31097,2.13
31099,2.34
31101,2.06
31103,2.07
31105,2.33
31107,2.24
31109,2.42
31111,2.34
31113,2.33
31115,2.12
31117,2.18
31119,2.43
31121,2.28
31123,2.38
31125,2.25
31127,2.31
31129,2.08
31131,2.41
31133,2.13
31135,2.32
31137,2.4
31139,2.4
31141,2.53
31143,2.37
31145,2.27
31147,2.14
31149,1.94
31151,2.61
31153,2.71
31155,2.56
31157,2.42
31159,2.46
31161,2.29
31163,2.21
31165,2.28
31167,2.61
31169,2.15
31171,2.25
31173,3.3
31175,2.21
31177,2.48
31179,2.33
31181,2.31
31183,2.18
31185,2.31
32001,2.51
32003,2.78
32005,2.37
32007,2.87
32009,2.35
32011,2.17
32013,2.74
32015,2.79
32017,2.55
32019,2.63
32021,2.25
32023,2.42
32027,2.29
32029,2.2
32031,2.58
32033,2.71
32510,2.43
33001,2.42
33003,2.22
33005,2.34
33007,2.13
33009,2.35
33011,2.55
33013,2.49
33015,2.51
33017,2.48
33019,2.44
34001,2.64
34003,2.73
34005,2.66
34007,2.71
34009,2.3
34011,2.86
34013,2.77
34015,2.74
34017,2.63
34019,2.6
34021,2.69
34023,2.85
34025,2.67
34027,2.72
34029,2.59
34031,3.09
34033,2.61
34035,2.81
34037,2.67
34039,2.91
34041,2.52
35001,2.52
35003,2.44
35005,2.72
35006,2.98
35007,2.26
35009,2.72
35011,3.84
35013,2.8
35015,2.66
35017,2.37
35019,3.28
35021,2.99
35023,2.47
35025,3.08
35027,2.33
35028,2.34
35029,2.7
35031,3.97
35033,2.81
35035,2.63
35037,2.59
35039,2.86
35041,2.62
35043,2.83
35045,3.04
35047,2.51
35049,2.35
35051,2.25
35053,3.43
35055,2.44
35057,2.81
35059,2.39
35061,2.78
36081,2.91
36083,2.43
36085,2.81
36087,3.17
36089,2.42
36091,2.44
36093,2.65
36095,2.46
36097,2.35
36099,2.37
36101,2.36
36103,2.98
36105,2.54
36107,2.5
36109,2.35
36111,2.44
36113,2.4
36115,2.45
36117,2.48
36119,2.75
36121,2.38
36123,2.46
36001,2.35
36003,2.36
36005,2.86
36007,2.37
36009,2.41
36011,2.43
36013,2.36
36015,2.35
36017,2.49
36019,2.32
36021,2.37
36023,2.54
36025,2.31
36027,2.61
36029,2.33
36031,2.37
36033,2.36
36035,2.4
36037,2.45
36039,2.55
36041,3.38
36043,2.4
36045,2.54
36047,2.74
36049,2.54
36051,2.42
36053,2.55
36055,2.41
36057,2.5
36059,3.03
36061,2.09
36063,2.39
36065,2.43
36067,2.43
36069,2.38
36071,2.9
36073,2.43
36075,2.57
36077,2.36
36079,2.84
37001,2.45
37003,2.65
37005,2.25
37007,2.55
37009,2.27
37011,2.22
37013,2.54
37015,2.59
37017,2.37
37019,2.34
37021,2.36
37023,2.53
37025,2.78
37027,2.56
37029,2.67
37031,2.27
37033,2.55
37035,2.59
37037,2.47
37039,2.51
37041,2.41
37043,2.33
37045,2.55
37047,2.47
37049,2.51
37051,2.56
37053,2.62
37055,2.32
37057,2.52
37059,2.6
37061,2.68
37063,2.37
37065,2.57
37067,2.46
37069,2.58
37071,2.61
37073,2.65
37075,2.63
37077,2.68
37079,2.66
37081,2.46
37083,2.42
37085,2.84
37087,2.24
37089,2.35
37091,2.48
37093,2.93
37095,2.44
37097,2.69
37099,2.33
37101,2.85
37103,2.43
37105,2.75
37107,2.47
37109,2.62
37111,2.52
37113,2.16
37115,2.36
37117,2.54
37119,2.57
37121,2.36
37123,2.52
37125,2.44
37127,2.52
37129,2.33
37131,2.35
37133,2.75
37135,2.47
37137,2.36
37139,2.61
37141,2.67
37143,2.44
37145,2.52
37147,2.48
37149,2.3
37151,2.59
37153,2.42
37155,2.87
37157,2.42
37159,2.6
37161,2.48
37163,2.7
37165,2.59
37167,2.47
37169,2.43
37171,2.47
37173,2.58
37175,2.31
37177,2.45
37179,2.99
37181,2.65
37183,2.61
37185,2.48
37187,2.4
37189,2.35
37191,2.56
37193,2.48
37195,2.5
37197,2.45
37199,2.35
38001,2.14
38003,2.07
38005,2.97
38007,2.25
38009,2.09
38011,2.28
38013,2.25
38015,2.3
38017,2.29
38019,2.17
38021,2.3
38023,2.07
38025,2.6
38027,2.15
38029,2.13
38031,2.22
38033,2.19
38035,2.25
38037,2.05
38039,2.16
38041,2.25
38043,2.24
38045,2.2
38047,2.12
38049,2.2
38051,2.06
38053,2.93
38055,2.18
38057,2.31
38059,2.3
38061,2.83
38063,1.95
38065,2.3
38067,2.14
38069,2.08
38071,2.2
38073,2.25
38075,2.46
38077,2.28
38079,3
38081,2.22
38083,2.05
38085,3.93
38087,2.09
38089,2.44
38091,2.09
38093,2.15
38095,2.25
38097,2.35
38099,2.15
38101,2.49
38103,2.04
38105,2.4
40001,2.78
40003,2.28
40005,2.37
40007,2.7
40009,2.87
40011,2.25
40013,2.58
40015,2.77
40017,2.88
40019,2.67
40021,2.81
40023,2.52
40025,2.28
40027,2.59
40029,2.51
40031,2.69
40033,2.48
40035,2.52
40037,2.67
40039,2.63
40041,2.47
40043,2.57
40045,2.38
40047,2.52
40049,2.57
40051,2.7
40053,2.26
40055,2.3
40057,2.35
40059,2.57
40061,2.6
40063,2.7
40065,2.48
40067,2.5
40069,2.58
40071,2.46
40073,2.64
40075,2.31
40077,2.5
40079,2.67
40081,2.58
40083,2.83
40085,2.98
40087,2.74
40089,2.53
40091,2.38
40093,2.49
40095,2.64
40097,2.56
40099,2.5
40101,2.53
40103,2.41
40105,2.56
40107,2.72
40109,2.53
40111,2.53
40113,2.55
40115,2.58
40117,2.6
40119,2.36
40121,2.36
40123,2.52
40125,2.61
40127,2.34
40129,2.8
40131,2.64
40133,2.7
40135,2.64
40137,2.48
40139,2.93
40141,2.4
40143,2.5
40145,2.74
40147,2.43
40149,2.46
40151,2.37
40153,2.7
41001,2.16
41003,2.4
41005,2.59
41007,2.32
41009,2.6
41011,2.38
41013,2.29
41015,2.11
41017,2.49
41019,2.41
41021,2.24
41023,2.26
41025,2.32
41027,2.66
41029,2.45
41031,2.76
41033,2.38
41035,2.39
41037,2.08
41039,2.39
41041,2.22
41043,2.61
41045,2.62
41047,2.75
41049,2.96
41051,2.41
41053,2.65
41055,2.22
41057,2.45
41059,2.7
41061,2.46
41063,2.18
41065,2.5
41067,2.66
41069,1.97
41071,2.78
42001,2.55
42003,2.26
42005,2.36
42007,2.38
42009,2.43
42011,2.61
42013,2.41
42015,2.52
42017,2.65
42019,2.42
42021,2.28
42023,2.2
42025,2.48
42027,2.47
42029,2.66
42031,2.39
42033,2.38
42035,2.52
42037,2.4
42039,2.42
42041,2.38
42043,2.41
42045,2.65
42047,2.34
42049,2.43
42051,2.41
42053,1.86
42055,2.56
42057,2.46
42059,2.33
42061,2.36
42063,2.41
42065,2.38
42067,2.61
42069,2.41
42071,2.64
42073,2.38
42075,2.54
42077,2.6
42079,2.39
42081,2.42
42083,2.29
42085,2.37
42087,2.46
42089,2.89
42091,2.57
42093,2.41
42095,2.56
42097,2.27
42099,2.49
42101,2.59
42103,2.66
42105,2.57
42107,2.38
42109,2.62
42111,2.42
42113,2.22
42115,2.41
42117,2.47
42119,2.38
42121,2.38
42123,2.35
42125,2.42
42127,2.47
42129,2.33
42131,2.52
42133,2.57
44001,2.38
44003,2.38
44005,2.27
44007,2.53
44009,2.42
45001,2.52
45003,2.53
45005,2.58
45007,2.55
45009,2.41
45011,2.61
45013,2.51
45015,2.75
45017,2.45
45019,2.44
45021,2.68
45023,2.61
45025,2.52
45027,2.47
45029,2.53
45031,2.52
45033,2.69
45035,2.77
45037,2.6
45039,2.52
45041,2.61
45043,2.55
45045,2.58
45047,2.52
45049,2.53
45051,2.43
45053,2.85
45055,2.58
45057,2.7
45059,2.54
45061,2.63
45063,2.54
45065,2.15
45067,2.67
45069,2.5
45071,2.55
45073,2.43
45075,2.63
45077,2.53
45079,2.53
45081,2.78
45083,2.58
45085,2.6
45087,2.37
45089,2.64
45091,2.61
46003,2.24
46005,2.31
46007,3.24
46009,2.23
46011,2.38
46013,2.29
46015,2.47
46017,3.73
46019,2.49
46021,2.27
46023,2.78
46025,2.21
46027,2.21
46029,2.28
46031,3.37
46033,2.12
46035,2.2
46037,2.15
46039,2.25
46041,3.36
46043,2.22
46045,2.3
46047,2.14
46049,2.16
46051,2.2
46053,2.12
46055,2.39
46057,2.64
46059,2.19
46061,2.96
46063,2.48
46065,2.3
46067,2.23
46069,2.52
46071,3.05
46073,2.31
46075,1.83
46077,2.18
46079,2.38
46081,2.22
46083,2.74
46085,2.74
46087,2.37
46089,1.89
46091,2.52
46093,2.42
46095,3.04
46097,2.24
46099,2.48
46101,2.3
46102,4.73
46103,2.46
46105,2.21
46107,2.11
46109,2.74
46111,2.09
46115,2.41
46117,2.34
46119,2.34
46121,3.62
46123,2.08
46125,2.31
46127,2.48
46129,2.21
46135,2.33
46137,3.5
47105,2.49
47107,2.58
47109,2.61
47111,2.53
47113,2.56
47115,2.43
47117,2.57
47119,2.55
47121,2.51
47123,2.6
47125,2.76
47127,2.55
47129,2.52
47131,2.42
47133,2.45
47135,2.4
47137,2.25
47139,2.44
47141,2.38
47143,2.51
47145,2.4
47147,2.7
47149,2.76
47151,2.61
47153,2.56
47155,2.52
47157,2.65
47159,2.53
47161,2.57
47163,2.32
47165,2.7
47167,2.82
47169,2.65
47171,2.36
47173,2.59
47175,2.61
47177,2.51
47179,2.29
47181,2.48
47183,2.32
47185,2.65
47187,2.86
47189,2.72
47001,2.43
47003,2.72
47005,2.37
47007,2.75
47009,2.51
47011,2.58
47013,2.48
47015,2.53
47017,2.45
47019,2.31
47021,2.7
47023,2.66
47025,2.4
47027,2.37
47029,2.38
47031,2.49
47033,2.64
47035,2.35
47037,2.41
47039,2.3
47041,2.7
47043,2.69
47045,2.51
47047,2.58
47049,2.43
47051,2.4
47053,2.49
47055,2.49
47057,2.52
47059,2.38
47061,2.55
47063,2.54
47065,2.48
47067,2.35
47069,2.59
47071,2.58
47073,2.42
47075,2.57
47077,2.57
47079,2.36
47081,2.6
47083,2.49
47085,2.53
47087,2.49
47089,2.58
47091,2.29
47093,2.39
47095,2.38
47097,2.5
47099,2.59
47101,2.49
47103,2.43
48001,2.68
48003,3.05
48005,2.77
48007,2.46
48009,2.6
48011,2.63
48013,3.04
48015,2.59
48017,2.92
48019,2.45
48021,2.94
48023,2.06
48025,2.85
48027,2.89
48029,2.9
48031,2.55
48033,2.69
48035,2.52
48037,2.63
48039,2.85
48041,2.58
48043,2.27
48045,2.47
48047,3.31
48049,2.71
48051,2.67
48053,2.58
48055,2.85
48057,2.68
48059,2.55
48061,3.42
48063,2.81
48065,2.62
48067,2.56
48069,3.14
48071,2.84
48073,2.74
48075,2.44
48077,2.51
48079,2.79
48081,1.95
48083,2.49
48085,2.81
48087,2.7
48089,2.67
48091,2.7
48093,2.62
48095,3.3
48097,2.61
48099,2.86
48101,2.38
48103,3.01
48105,2.53
48107,2.71
48109,2.86
48111,3.09
48113,2.79
48115,2.74
48117,3.05
48119,2.67
48121,2.8
48123,2.66
48125,2.36
48127,2.96
48129,2.53
48131,2.8
48133,2.55
48135,2.91
48137,2.54
48139,2.95
48141,3.14
48143,2.62
48145,2.86
48147,2.56
48149,2.55
48151,2.29
48153,2.54
48155,2.3
48157,3.17
48159,2.46
48161,2.44
48163,3.14
48165,3.35
48167,2.66
48169,2.7
48171,2.36
48173,2.74
48175,2.54
48177,3.07
48179,2.59
48181,2.55
48183,2.61
48185,2.63
48187,2.89
48189,2.86
48191,2.71
48193,2.52
48195,2.78
48197,2.42
48199,2.64
48201,2.88
48203,2.76
48205,2.61
48207,2.2
48209,2.78
48211,2.77
48213,2.61
48215,3.62
48217,2.63
48219,2.8
48221,2.51
48223,2.65
48225,2.45
48227,2.73
48229,3.06
48231,2.77
48233,2.62
48235,2.5
48237,2.55
48239,2.79
48241,2.83
48243,2.12
48245,2.53
48247,3.09
48249,2.97
48251,2.84
48253,2.26
48255,2.83
48257,3.05
48259,2.72
48261,3.88
48263,2.07
48265,2.38
48267,2.22
48269,2.36
48271,3
48273,2.76
48275,2.55
48277,2.56
48279,2.78
48281,2.66
48283,3.19
48285,2.48
48287,2.69
48289,2.72
48291,2.82
48293,2.77
48295,2.87
48297,2.78
48299,2.21
48301,2.6
48303,2.59
48305,2.62
48307,2.59
48309,2.68
48311,2.8
48313,2.32
48315,2.26
48317,3.18
48319,2.37
48321,2.7
48323,3.48
48325,2.98
48327,2.25
48329,2.83
48331,2.56
48333,2.55
48335,2.45
48337,2.39
48339,2.88
48341,3.21
48343,2.53
48345,2.41
48347,2.52
48349,2.7
48351,2.88
48353,2.62
48355,2.72
48357,2.86
48359,2.52
48361,2.57
48363,2.62
48365,2.63
48367,2.78
48369,3.08
48371,3.17
48373,2.4
48375,2.68
48377,2.77
48379,2.61
48381,2.55
48383,2.93
48385,2.65
48387,2.38
48389,3.06
48391,2.59
48393,2.66
48395,2.69
48397,2.98
48399,2.76
48401,2.75
48403,2.73
48405,2.93
48407,2.84
48409,2.87
48411,2.45
48413,3
48415,2.65
48417,2.42
48419,2.72
48421,3.07
48423,2.7
48425,2.45
48427,3.84
48429,2.55
48431,2.9
48433,2.35
48435,2.66
48437,2.73
48439,2.81
48441,2.59
48443,1.98
48445,2.86
48447,2.17
48449,3.08
48451,2.54
48453,2.57
48455,2.69
48457,2.39
48459,2.85
48461,2.75
48463,3.13
48465,3.2
48467,2.79
48469,2.73
48471,2.37
48473,2.94
48475,2.86
48477,2.68
48479,3.73
48481,2.77
48483,2.42
48485,2.45
48487,2.41
48489,3.51
48491,2.9
48493,2.9
48495,2.84
48497,2.86
48499,2.57
48501,3.01
48503,2.54
48505,3.16
48507,3.26
49047,3.22
49049,3.62
49051,3.27
49053,2.99
49055,2.74
49057,2.94
49001,2.84
49003,3.08
49005,3.19
49007,2.61
49009,2.43
49011,3.29
49013,2.94
49015,3.02
49017,2.75
49019,2.44
49021,3.07
49023,3.29
49025,2.55
49027,2.98
49029,3.4
49031,3.28
49033,3.57
49035,3.03
49037,3.75
49039,3.13
49041,2.9
49043,2.75
49045,3.25
50001,2.38
50003,2.25
50005,2.43
50007,2.36
50009,2.29
50011,2.57
50013,2.34
50015,2.39
50017,2.32
50019,2.35
50021,2.29
50023,2.32
50025,2.21
50027,2.25
51001,2.29
51003,2.45
51005,2.33
51007,2.68
51009,2.48
51011,2.55
51013,2.24
51015,2.5
51017,2.1
51019,2.48
51021,2.19
51023,2.55
51025,2.51
51027,2.37
51029,2.68
51031,2.5
51033,2.48
51035,2.37
51036,2.47
51037,2.57
51041,2.78
51043,2.55
51045,2.35
51047,2.83
51049,2.45
51051,2.43
51053,2.74
51057,2.53
51059,2.85
51061,2.84
51063,2.46
51065,2.5
51067,2.36
51069,2.72
51071,2.32
51073,2.57
51075,2.5
51077,2.24
51079,2.64
51081,2.17
51083,2.43
51085,2.65
51087,2.54
51089,2.32
51091,2.1
51093,2.57
51095,2.49
51097,2.46
51099,2.96
51101,2.66
51103,2.13
51105,2.52
51107,3.08
51109,2.64
51111,2.48
51113,2.58
51115,2.3
51117,2.41
51119,2.38
51121,2.48
51125,2.33
51127,2.61
51131,2.26
51133,2.1
51135,2.54
51137,2.66
51139,2.52
51141,2.31
51143,2.36
51145,2.63
51147,2.49
51149,3.03
51153,3.17
51155,2.3
51157,2.26
51159,2.47
51161,2.4
51163,2.39
51165,2.57
51167,2.51
51169,2.34
51171,2.47
51173,2.43
51175,2.53
51177,2.97
51179,3.08
51181,2.56
51183,2.08
51185,2.38
51187,2.62
51191,2.35
51193,2.51
51195,2.46
51197,2.44
51199,2.73
51510,2.21
51520,2.22
51530,2.26
51540,2.39
51550,2.75
51570,2.44
51580,2.28
51590,2.2
51595,2.21
51600,2.7
51610,2.57
51620,2.41
51630,2.46
51640,2.19
51650,2.51
51660,2.69
51670,2.53
51678,2.04
51680,2.37
51683,3.27
51685,3.31
51690,2.26
51700,2.5
51710,2.53
51720,2.21
51730,2.44
51735,2.59
51740,2.54
51750,2.57
51760,2.33
51770,2.29
51775,2.29
51790,2.21
51800,2.75
51810,2.63
51820,2.32
51830,2.37
51840,2.47
53001,3.24
53003,2.34
53005,2.72
53007,2.7
53009,2.27
53011,2.71
53013,2.31
53015,2.54
53017,2.76
53019,2.39
53021,3.4
53023,2.3
53025,3
53027,2.51
53029,2.33
53031,2.18
53033,2.45
53035,2.54
53037,2.34
53039,2.62
53041,2.52
53043,2.34
53045,2.58
53047,2.42
53049,2.24
53051,2.38
53053,2.65
53055,2.04
53057,2.56
53059,2.49
53061,2.68
53063,2.45
53065,2.44
53067,2.52
53069,2.31
53071,2.5
53073,2.53
53075,2.31
53077,3.05
54001,2.68
54003,2.63
54005,2.5
54007,2.51
54009,2.26
54011,2.32
54013,2.44
54015,2.62
54017,2.85
54019,2.47
54021,2.4
54023,2.8
54025,2.28
54027,2.25
54029,2.32
54031,2.69
54033,2.48
54035,2.62
54037,2.65
54039,2.28
54041,2.48
54043,2.69
54045,2.5
54047,2.39
54049,2.47
54051,2.36
54053,2.44
54055,2.39
54057,2.4
54059,2.38
54061,2.56
54063,2.3
54065,2.36
54067,2.39
54069,2.24
54071,2.35
54073,2.43
54075,2.24
54077,2.52
54079,2.6
54081,2.4
54083,2.35
54085,2.56
54087,2.48
54089,2.22
54091,2.45
54093,2.26
54095,2.48
54097,2.57
54099,2.47
54101,2.28
54103,2.46
54105,2.4
54107,2.37
54109,2.48
55001,2.47
55003,2.29
55005,2.35
55007,2.16
55009,2.46
55011,2.29
55013,2.08
55015,2.66
55017,2.44
55019,2.65
55021,2.44
55023,2.38
55025,2.35
55027,2.51
55029,2.11
55031,2.28
55033,2.48
55035,2.43
55037,2.32
55039,2.4
55041,2.33
55043,2.44
55045,2.47
55047,2.36
55049,2.43
55051,1.99
55053,2.42
55055,2.49
55057,2.48
55059,2.62
55061,2.49
55063,2.41
55065,2.51
55067,2.21
55069,2.22
55071,2.34
55073,2.48
55075,2.2
55077,2.36
55078,3.48
55079,2.44
55081,2.49
55083,2.4
55085,2.33
55087,2.51
55089,2.5
55091,2.45
55093,2.51
55095,2.39
55097,2.41
55099,2.03
55101,2.53
55103,2.29
55105,2.47
55107,2.27
55109,2.63
55111,2.45
55113,2.19
55115,2.41
55117,2.4
55119,2.32
55121,2.45
55123,2.54
55125,1.99
55127,2.53
55129,2.16
55131,2.49
55133,2.51
55135,2.35
55137,2.39
55139,2.33
55141,2.3
56001,2.26
56003,2.59
56005,2.71
56007,2.44
56009,2.47
56011,2.43
56013,2.61
56015,2.35
56017,2.15
56019,2.34
56021,2.51
56023,2.68
56025,2.44
56027,2.15
56029,2.38
56031,2.3
56033,2.28
56035,2.74
56037,2.64
56039,2.63
56041,2.76
56043,2.34
56045,2.27
11001,2.22
