fips,opioid_death_rate
1001,75.79
1003,88.223
1005,NA
1007,92.744
1009,112.644
1013,NA
1015,67.184
1017,118.193
1019,151.603
1021,81.928
1025,NA
1027,NA
1029,NA
1031,156.171
1033,90.379
1035,NA
1037,NA
1039,154.84
1041,NA
1043,138.23
1045,97.509
1047,84.983
1049,105.783
1051,101.468
1053,304.813
1055,147.225
1057,193.4
1059,88.529
1061,191.628
1067,139.828
1069,94.18
1071,103.571
1073,99.466
1075,NA
1077,135.402
1079,93.25
1081,82.395
1083,79.782
1087,NA
1089,73.396
1091,116.912
1093,NA
1095,95.631
1097,95.459
1099,NA
1101,61.41
1103,107.552
1107,NA
1109,84.119
1111,97.122
1113,144.399
1115,101.115
1117,62.672
1121,67.413
1123,137.501
1125,88.306
1127,115.443
1129,149.2
1133,134.426
2020,119.386
2050,144.702
2070,NA
2090,67.591
2110,120.118
2122,198.27
2130,NA
2150,NA
2170,154.266
2180,NA
2185,229.024
2198,NA
2220,NA
2240,NA
2261,NA
2290,NA
4001,93.008
4003,190.029
4005,79.484
4007,278.213
4009,167.558
4011,NA
4012,364.227
4013,103.653
4015,313.765
4017,147.238
4019,144.459
4021,141.922
4023,100.033
4025,336.936
4027,107.96
5001,148.238
5003,141.519
5005,221.616
5007,68.527
5009,144.757
5011,NA
5015,148.304
5017,NA
5019,136.823
5021,227.882
5023,142.495
5027,133.886
5029,181.497
5031,104.88
5033,147.751
5035,71.088
5037,123.261
5039,267.773
5041,NA
5043,155.488
5045,79.361
5047,266.652
5049,329.951
5051,265.704
5053,176.972
5055,168.169
5057,136.525
5059,287.649
5061,149.51
5063,150.667
5065,193.553
5067,214.854
5069,125.686
5071,114.609
5073,NA
5075,262.922
5079,NA
5081,257.007
5083,211.087
5085,148.142
5087,NA
5089,287.902
5091,134.743
5093,163.418
5095,278.979
5097,270.301
5099,NA
5101,NA
5103,190.887
5105,197.394
5107,221.344
5109,221.566
5111,241.435
5113,188.371
5115,101.914
5117,NA
5119,131.469
5121,131.82
5123,NA
5125,88.456
5127,311.375
5129,NA
5131,202.672
5133,NA
5135,262.284
5137,215.328
5139,112.819
5141,132.307
5143,41.219
5145,146.348
5149,120.638
6001,18.753
6005,NA
6007,67.441
6009,NA
6013,23.169
6015,119.826
6017,44.714
6019,24.594
6021,NA
6023,95.868
6025,31.512
6027,NA
6029,37.636
6031,14.02
6033,85.782
6035,100.421
6037,15.467
6039,32.968
6041,26.089
6043,NA
6045,61.624
6047,42.803
6049,NA
6053,18.381
6055,24.619
6057,37.333
6059,17.494
6061,28.907
6063,NA
6065,23.998
6067,30.902
6071,20.046
6073,22.756
6075,32.84
6077,30.666
6079,32.522
6081,14.775
6083,35.188
6085,15.474
6087,35.679
6089,61.237
6093,144.485
6095,24.988
6097,34.985
6099,29.544
6101,31.04
6103,42.67
6105,NA
6107,18.461
6109,63.192
6111,22.478
6113,30.12
6115,50.482
8001,125.053
8003,198.151
8005,93.083
8007,233.39
8011,NA
8013,78.516
8014,88.683
8015,104.943
8021,NA
8029,289.074
8031,120.047
8035,58.424
8037,NA
8039,107.011
8041,136.717
8043,225.52
8045,101.89
8051,NA
8055,404.373
8059,132.905
8063,256.254
8067,68.317
8069,113.238
8071,212.721
8073,NA
8075,269.173
8077,291.839
8081,183.08
8083,177.784
8085,245.955
8087,173.304
8089,202.241
8093,128.16
8095,NA
8099,209.696
8101,138.684
8103,NA
8105,217.789
8107,117.657
8119,170.528
8121,NA
8123,98.667
8125,NA
9001,81.341
9003,110.714
9005,125.431
9007,141.432
9009,120.554
9011,139.362
9013,84.702
9015,182.457
10001,200.77
10003,126.933
10005,291.032
11001,94.396
12001,103.986
12003,136.02
12005,183.722
12007,144.841
12009,193.221
12011,62.892
12013,173.334
12015,141.764
12017,220.72
12019,124.333
12021,96.95
12023,268.402
12027,134.078
12029,257.669
12031,126.423
12033,144.041
12035,118.179
12037,285.69
12039,163.022
12041,127.818
12043,150.322
12045,168.856
12047,146.229
12049,105.994
12051,101.807
12053,237.372
12055,281.419
12057,95.405
12059,215.528
12061,176.824
12063,147.214
12065,172.587
12067,NA
12069,154.146
12071,135.948
12073,85.469
12075,165.161
12079,159.131
12081,160.952
12083,317.747
12085,204.788
12086,50.13
12087,156.809
12089,120.315
12091,163.046
12093,136.429
12095,78.06
12097,78.568
12099,94.819
12101,221.325
12103,176.741
12105,106.583
12107,221.371
12109,117.403
12111,160.518
12113,130.208
12115,151.005
12117,95.065
12119,147.585
12121,379.047
12123,220.97
12125,158.5
12127,228.009
12129,178.723
12131,217.032
12133,223.859
13001,157.369
13003,NA
13005,NA
13009,48.733
13011,NA
13013,102.43
13015,162.802
13017,179.783
13019,279.05
13021,47.787
13023,NA
13025,201.58
13027,NA
13029,113.166
13031,105.725
13033,154.267
13035,180.543
13039,88.666
13043,NA
13045,137.621
13047,204.825
13051,127.991
13055,338.382
13057,69.511
13059,56.933
13063,40.077
13067,66.431
13069,132.521
13071,199.09
13073,66.463
13075,NA
13077,76.854
13079,NA
13081,110.03
13083,172.233
13085,97.441
13087,175.229
13089,51.194
13091,218.84
13093,NA
13095,68.876
13097,68.202
13103,137.962
13105,193.282
13107,181.135
13109,NA
13111,184.739
13113,58.23
13115,186.413
13117,49.319
13119,116.487
13121,59.707
13123,164.8
13125,NA
13127,121.891
13129,140.588
13131,185.424
13133,NA
13135,45.748
13137,128.825
13139,79.334
13143,175.608
13145,154.523
13147,109.576
13149,NA
13151,55.914
13153,78.227
13155,NA
13157,109.882
13159,NA
13161,NA
13163,201.056
13165,NA
13169,NA
13171,157.02
13173,NA
13175,122.064
13177,68.173
13179,57.536
13181,NA
13183,NA
13185,75.898
13187,155.828
13189,148.906
13191,NA
13193,NA
13195,135.304
13197,NA
13199,161.336
13201,NA
13205,124.672
13207,84.231
13213,211.115
13215,186.343
13217,83.178
13219,54.292
13223,100.754
13225,90.039
13227,139.465
13229,239.946
13231,122.624
13233,208.254
13235,NA
13237,102.435
13241,223.443
13243,NA
13245,126.459
13247,82.816
13251,156.651
13253,NA
13255,109.558
13257,151.45
13259,NA
13261,88.848
13263,324.097
13267,163.399
13271,NA
13275,152.493
13277,85.725
13279,143.403
13281,210.693
13285,78.566
13287,NA
13289,NA
13291,157.013
13293,220.239
13295,169.377
13297,126.408
13299,190.274
13301,NA
13303,127.096
13305,199.309
13311,145.409
13313,151.068
13315,NA
13317,214.176
13321,110.854
15001,129
15003,103.062
15007,140.221
15009,82.232
16001,131.298
16003,NA
16005,189.625
16009,582.93
16011,141.59
16013,NA
16015,NA
16017,244.499
16019,130.979
16021,214.023
16027,154.465
16031,NA
16035,458.986
16039,230.61
16043,NA
16045,273.51
16047,138.294
16049,173.31
16051,107.762
16053,NA
16055,261.809
16057,125.013
16059,NA
16067,130.966
16069,222.943
16073,184.388
16075,273.604
16077,NA
16079,449.727
16083,179.611
16085,NA
16087,245.773
17001,159.212
17003,NA
17005,213.98
17007,153.262
17009,NA
17011,110.915
17015,247.61
17017,NA
17019,39.824
17021,267.195
17023,238.424
17025,NA
17027,135.175
17029,145.196
17031,78.985
17033,150.197
17035,NA
17037,101.408
17039,172.563
17041,NA
17043,72.522
17045,222.02
17049,110.51
17051,201.937
17053,147.33
17055,250.281
17057,230.752
17059,NA
17061,267.318
17063,198.267
17065,NA
17067,135.077
17069,NA
17071,NA
17073,166.396
17075,197.642
17077,132.495
17079,NA
17081,135.205
17083,254.257
17085,156.178
17087,NA
17089,60.559
17091,127.263
17093,59.345
17095,221.838
17097,80.507
17099,205.166
17101,225.927
17103,195.615
17105,216.284
17107,189.657
17109,164.537
17111,99.999
17113,130.497
17115,129.517
17117,217.827
17119,187.764
17121,115.364
17123,268.029
17125,259.125
17127,231.955
17129,NA
17131,241.577
17133,85.124
17135,231.418
17137,140.036
17139,148.378
17141,134.574
17143,160.535
17145,112.375
17147,193.237
17149,194.357
17155,NA
17157,76.638
17159,188.324
17161,144.353
17163,149.947
17165,86.395
17167,145.317
17169,NA
17173,147.35
17175,NA
17177,181.922
17179,162.22
17181,139.438
17183,167.71
17185,200.139
17187,201.404
17189,183.694
17191,NA
17193,139.938
17195,182.185
17197,88.321
17199,76.969
17201,139.572
17203,122.637
18001,153.27
18003,165.765
18005,135.132
18009,386.863
18011,171.686
18013,214.592
18015,125.188
18017,208.191
18019,166.335
18021,201.452
18023,163.293
18025,275.168
18027,151.658
18029,192.577
18031,112.79
18033,187.152
18035,271.619
18037,119.853
18039,183.04
18041,312.888
18043,197.428
18045,194.104
18047,162.888
18049,297.929
18051,213.631
18053,285.343
18055,270.094
18057,89.135
18059,198.055
18061,218.45
18063,123.28
18065,230.828
18067,207.102
18069,181.319
18071,281.735
18073,131.606
18075,285.09
18077,252.946
18079,255.782
18081,128.963
18083,209.305
18085,155.515
18087,127.845
18089,120.82
18091,253.602
18093,294.389
18095,245.174
18097,166.803
18099,201.907
18101,314.62
18103,153.276
18105,119.591
18107,170.72
18109,170.737
18111,251.365
18113,186.826
18115,NA
18117,248.254
18119,287.908
18121,184.524
18123,205.631
18125,345.909
18127,143.035
18129,211.964
18131,173.776
18133,224.383
18135,306.993
18137,159.468
18139,342.363
18141,217.73
18143,311.842
18145,209.819
18147,184.037
18149,291.19
18151,178.802
18153,187.482
18155,256.483
18157,87.738
18159,210.776
18161,NA
18163,224.52
18165,204.538
18167,199.201
18169,251.873
18171,NA
18173,129.604
18175,187.929
18177,285.422
18179,139.54
18181,208.342
18183,200.305
19001,NA
19005,187.266
19007,248.756
19009,NA
19011,233.472
19013,186.601
19015,241.218
19017,169.368
19019,204.84
19021,NA
19023,189.304
19025,274.223
19027,176.151
19029,357.224
19031,243.85
19033,188.066
19035,286.757
19039,290.042
19041,128.574
19043,187.607
19045,186.011
19047,182.999
19049,72.176
19051,NA
19053,NA
19055,196.226
19057,271.773
19059,231.978
19061,162.882
19063,227.79
19065,184.502
19067,126
19071,NA
19073,321.829
19075,NA
19077,254.118
19079,238.79
19081,NA
19083,238.012
19085,197.894
19087,212.411
19089,NA
19091,221.356
19093,NA
19095,134.878
19097,NA
19099,187.97
19101,127.142
19103,98.262
19105,181.026
19107,NA
19111,326.448
19113,156.545
19115,233.351
19117,312.247
19119,NA
19121,233.468
19123,211.893
19125,153.665
19127,220.778
19129,173.657
19131,204.404
19133,337.154
19135,NA
19137,303.178
19139,165.347
19141,199.715
19143,NA
19145,311.871
19147,254.228
19149,186.508
19151,392.1
19153,148.087
19155,222.265
19157,188.852
19159,513.023
19161,283.516
19163,141.471
19165,169.492
19167,65.906
19169,73.128
19171,161.672
19173,NA
19175,289.855
19177,330.078
19179,311.589
19181,122.759
19183,139.132
19185,NA
19187,144.143
19189,NA
19191,106.999
19193,220.862
19195,264.131
19197,164.332
20001,235.96
20003,255.526
20005,201.465
20009,190.476
20011,191.558
20013,216.853
20015,149.198
20021,266.719
20027,NA
20029,273.224
20031,NA
20035,195.788
20037,173.629
20041,209.82
20043,NA
20045,90.422
20047,NA
20051,131.52
20053,379.267
20055,89.864
20057,126.579
20059,297.34
20061,188.276
20073,341.408
20077,NA
20079,166.127
20085,188.097
20087,227.549
20091,90.341
20095,NA
20099,259.245
20103,169.568
20107,334.798
20111,158.162
20113,156.228
20115,165.125
20117,NA
20121,154.714
20125,180.175
20127,358.873
20131,NA
20133,253.933
20137,400.51
20139,334.533
20141,NA
20143,NA
20145,296.604
20147,NA
20149,143.696
20151,302.588
20155,175.577
20159,NA
20161,87.261
20163,NA
20165,NA
20167,NA
20169,177.723
20171,NA
20173,135.939
20175,NA
20177,225.658
20181,NA
20183,NA
20191,163.286
20193,NA
20201,NA
20205,229.279
20209,133.674
21001,171.162
21003,256.895
21005,311.4
21007,322.821
21009,154.57
21011,340.716
21013,298.706
21015,182.05
21017,279.581
21019,342.807
21021,249.85
21023,273.81
21025,308.642
21027,265.518
21029,189.511
21031,163.488
21033,190.961
21035,158.701
21037,264.611
21039,NA
21041,337.11
21043,255.121
21045,316.156
21047,124.394
21049,273.598
21051,341.905
21053,314.435
21055,304.745
21057,NA
21059,198.648
21061,264.157
21063,276.753
21065,230.656
21067,146.02
21069,420.487
21071,388.036
21073,221.519
21075,NA
21077,383.32
21079,254.453
21081,292.902
21083,190.953
21085,240.605
21087,271.248
21089,312.039
21091,NA
21093,207.798
21095,412.25
21097,289.606
21099,166.425
21101,296.197
21103,233.911
21107,304.984
21109,NA
21111,196.772
21113,234.926
21115,369.919
21117,285.55
21119,263.767
21121,381.86
21123,234.109
21125,187.552
21127,308.895
21129,NA
21131,379.579
21133,267.861
21135,349.65
21137,315.936
21139,291.294
21141,161.697
21143,NA
21145,240.938
21147,239.849
21149,390.501
21151,145.175
21153,307.474
21155,234.314
21157,213.614
21159,324.946
21161,319.953
21163,252.435
21165,NA
21167,279.369
21169,279.497
21171,NA
21173,262.864
21175,203.038
21177,196.597
21179,228.275
21181,338.792
21183,258.43
21185,97.621
21187,234.918
21189,578.936
21191,322.802
21193,358.41
21195,293.948
21197,333.117
21199,211.083
21203,148.368
21205,224.94
21207,406.275
21209,125.991
21211,146.526
21213,182.492
21215,136.806
21217,287.436
21219,NA
21221,238.362
21223,NA
21225,376.344
21227,103.559
21229,188.695
21231,185.792
21233,270.351
21235,301.973
21237,279.369
21239,176.083
22001,113.337
22003,151.846
22005,129.948
22007,158.625
22009,153.221
22011,54.161
22013,274.071
22015,71.396
22017,287.722
22019,123.13
22021,NA
22023,NA
22027,NA
22029,105.422
22031,173.119
22033,108.268
22035,NA
22037,147.335
22039,166.128
22041,167.241
22043,NA
22045,106.451
22047,NA
22049,NA
22051,172.729
22053,108.235
22055,90.307
22057,170.897
22059,NA
22061,106.817
22063,208.366
22067,130.413
22069,324.294
22071,119.542
22073,157.342
22075,123.594
22077,207.591
22079,83.822
22083,NA
22085,83.413
22087,196.988
22089,111.483
22091,275.875
22093,139.166
22095,110.014
22097,137.096
22099,153.684
22101,153.571
22103,138.8
22105,139.24
22109,196.078
22111,NA
22113,99.659
22115,88.987
22117,224.574
22119,219.088
22121,NA
22123,NA
23001,204.996
23003,258.98
23005,151.691
23007,233.326
23009,238.887
23011,213.985
23013,206.32
23015,254.267
23017,304.105
23019,269.423
23021,308.734
23023,181.442
23025,396.74
23027,198.151
23029,435.612
23031,196.696
24001,191.321
24003,121.053
24005,146.325
24009,119.451
24011,225.266
24013,119.888
24015,128.651
24017,99.553
24019,238.7
24021,110.262
24023,122.345
24025,154.164
24027,57.371
24029,187.532
24031,50.198
24033,56.274
24035,177.809
24037,141.224
24039,165.844
24041,209.239
24043,194.288
24045,100.412
24047,184.667
24510,224.35
25001,192.275
25003,163.905
25005,161.197
25007,NA
25009,109.24
25011,153.448
25013,121.033
25015,98.878
25017,84.666
25021,119.338
25023,136.886
25025,90.79
25027,131.651
26001,473.338
26003,379.651
26005,230.207
26007,365.803
26009,229.001
26011,271.128
26013,282.253
26015,192.623
26017,193.8
26019,267.471
26021,270.762
26023,234.877
26025,289.465
26027,244.191
26029,225.415
26031,370.064
26033,222.67
26035,441.399
26037,147.648
26039,349.243
26041,273.466
26043,262.385
26045,205.203
26047,328.491
26049,228.822
26051,314.465
26053,288.657
26055,238.912
26057,148.051
26059,242.496
26061,229.791
26063,276.357
26065,155.181
26067,233.528
26069,319.817
26071,428.763
26073,186.583
26075,283.352
26077,178.48
26079,295.43
26081,133.765
26085,330.55
26087,156.215
26089,211.348
26091,280.192
26093,145.263
26095,487.575
26097,369.686
26099,168.601
26101,250.277
26103,246.858
26105,225.1
26107,208.232
26109,236.244
26111,191.704
26113,218.514
26115,196.37
26117,230.254
26119,348.85
26121,207.603
26123,271.184
26125,121.386
26127,307.373
26129,363.567
26131,473.693
26133,281.264
26135,399.322
26137,257.458
26139,124.004
26141,321.266
26143,506.329
26145,196.021
26147,279.471
26149,226.776
26151,284.962
26153,324.959
26155,212.971
26157,211.856
26159,269.864
26161,99.257
26163,148.682
26165,292.495
27001,487.711
27003,130.363
27005,225.292
27007,167.006
27009,162.533
27011,NA
27013,150.509
27015,153.962
27017,198.668
27019,61.838
27021,224.192
27023,346.163
27025,160.736
27027,149.503
27029,317.209
27031,NA
27033,NA
27035,203.316
27037,110.902
27039,NA
27041,168.197
27043,NA
27045,209.494
27047,124.811
27049,152.112
27051,NA
27053,122.192
27055,111.619
27057,212.376
27059,215.247
27061,212.192
27063,NA
27065,277.953
27067,122.367
27069,NA
27071,253.405
27073,NA
27075,272.941
27077,NA
27079,170.345
27081,NA
27083,147.866
27085,192.512
27087,NA
27091,206.768
27093,237.992
27095,274.492
27097,161.482
27099,158.313
27101,NA
27103,89.352
27105,132.735
27107,638.395
27109,71.194
27111,199.707
27113,252.898
27115,242.433
27117,NA
27119,233.733
27121,NA
27123,127.254
27127,144.139
27129,190.996
27131,153.912
27133,250.941
27135,NA
27137,246.025
27139,86.999
27141,112.266
27143,175.356
27145,108.576
27147,133.134
27151,318.505
27153,198.077
27157,122.221
27159,283.41
27161,185.077
27163,117.337
27165,NA
27167,NA
27169,127.581
27171,105.621
27173,241.57
28001,70.405
28003,NA
28005,176.593
28009,NA
28011,64.148
28015,NA
28023,NA
28025,NA
28027,NA
28029,122.885
28031,NA
28033,49.541
28035,59.227
28039,NA
28041,NA
28045,190.208
28047,36.411
28049,24.873
28057,NA
28059,64.429
28067,30.904
28073,39.4
28075,NA
28077,NA
28081,52.705
28085,66.622
28087,33.556
28089,39.957
28091,NA
28093,NA
28095,55.752
28099,NA
28105,66.221
28107,NA
28109,122.943
28113,NA
28115,NA
28117,126.703
28121,43.933
28127,107.759
28129,220.001
28131,111.037
28133,NA
28137,92.195
28139,NA
28141,112.873
28145,NA
28149,NA
28151,NA
28153,NA
28155,NA
28159,115.639
28163,NA
29001,205.055
29003,190.202
29005,NA
29007,188.309
29009,229.486
29011,NA
29013,182.737
29015,355.645
29017,182.542
29019,133.64
29021,210.259
29023,177.824
29025,NA
29027,246.24
29029,305.639
29031,152.066
29033,258.05
29035,NA
29037,200.301
29039,292.523
29041,NA
29043,164.69
29045,NA
29047,141.372
29049,232.897
29051,167.034
29053,186.314
29055,267.468
29057,301.402
29059,243.191
29061,304.544
29063,301.276
29065,149.477
29067,419.224
29069,212.87
29071,232.404
29073,283.63
29075,345.293
29077,223.077
29079,255.78
29081,374.007
29083,282.486
29085,366.814
29087,NA
29089,258.501
29091,305.894
29093,289.363
29095,160.017
29097,169.59
29099,208.718
29101,148.307
29103,NA
29105,312.764
29107,153.29
29109,237.096
29111,NA
29113,206.271
29115,230.187
29117,203.479
29119,106.101
29121,131.839
29123,281.283
29125,NA
29127,242.265
29129,NA
29131,230.104
29133,347.851
29135,137.345
29137,NA
29139,232.358
29141,430.416
29143,251.186
29145,144.819
29147,NA
29149,240.986
29151,168.326
29153,NA
29155,246.002
29157,202.23
29159,168.195
29161,201.758
29163,200.673
29165,120.03
29167,191.785
29169,170.927
29171,NA
29173,NA
29175,236.104
29177,188.978
29179,NA
29181,188.174
29183,121.765
29185,345.125
29186,171.936
29187,210.125
29189,140.7
29195,230.635
29199,NA
29201,296.812
29203,NA
29207,273.76
29209,299.546
29211,NA
29213,230.2
29215,298.739
29217,231.627
29219,183.421
29221,189.219
29223,342.492
29225,173.201
29229,328.12
29510,206.805
30001,223.38
30003,194.859
30005,NA
30007,NA
30009,296.367
30013,308.238
30015,NA
30017,276.753
30021,NA
30023,264.172
30027,420.573
30029,98.897
30031,68.898
30035,233.679
30041,235.764
30043,NA
30047,204.987
30049,225.915
30053,316.735
30057,265.018
30061,NA
30063,173.943
30065,NA
30067,217.202
30073,NA
30077,NA
30081,220.966
30083,NA
30085,NA
30087,NA
30089,312.121
30093,245.999
30095,NA
30097,NA
30099,NA
30101,NA
30105,291.816
30111,241.736
31001,179.902
31003,NA
31013,214.401
31017,NA
31019,105.299
31021,NA
31023,NA
31025,174.642
31027,NA
31029,NA
31031,NA
31033,NA
31035,NA
31039,NA
31041,185.065
31043,102.614
31045,322.976
31047,156.514
31053,225.807
31055,110.451
31061,NA
31065,NA
31067,289.004
31079,200.956
31081,NA
31089,282.927
31093,NA
31095,NA
31097,NA
31101,336.742
31105,NA
31107,NA
31109,128.538
31111,213.783
31119,197.058
31121,NA
31127,NA
31131,NA
31137,259.011
31139,NA
31141,124.768
31145,242.492
31147,NA
31151,188.403
31153,100.546
31155,171.119
31157,175.718
31159,144.642
31161,NA
31169,NA
31173,322.716
31175,NA
31177,179.585
31185,188.488
32001,152.905
32003,135.967
32005,114.536
32007,95.844
32013,142.501
32015,NA
32017,NA
32019,195.566
32021,NA
32023,352.348
32031,145.057
32033,NA
32510,158.927
33001,190.855
33003,213.58
33005,208.515
33007,290.271
33009,172.127
33011,177.555
33013,216.715
33015,173.124
33017,195.404
33019,267.417
34001,199.269
34003,92.743
34005,127.759
34007,146.232
34009,242.508
34011,186.61
34013,100.262
34015,157.014
34017,86.285
34019,113.093
34021,118.591
34023,93.54
34025,124.472
34027,92.692
34029,191.9
34031,110.051
34033,209.66
34035,87.191
34037,180.323
34039,87.648
34041,155.697
35001,130.142
35005,209.859
35006,149.161
35007,293.806
35009,125.298
35013,78.429
35015,177.019
35017,169.731
35025,129.034
35027,231.613
35028,NA
35029,147.239
35031,58.727
35035,174.285
35037,382.546
35039,187.313
35041,178.178
35043,105.615
35045,122.525
35047,252.161
35049,129.834
35051,366.366
35053,229.048
35055,108.876
35057,222.193
35061,153.386
36001,104.583
36003,203.921
36005,79.892
36007,173.549
36009,186.67
36011,179.808
36013,179.917
36015,224.74
36017,212.026
36019,186.252
36021,201.676
36023,197.628
36025,298.75
36027,148.401
36029,204.984
36031,233.584
36033,200.361
36035,187.635
36037,182.962
36039,178.917
36041,NA
36043,193.251
36045,182.447
36047,47.734
36049,197.283
36051,154.069
36053,186.46
36055,138.954
36057,131.91
36059,79.471
36061,55.423
36063,216.757
36065,208.919
36067,191.98
36069,207.597
36071,107.592
36073,191.07
36075,224.394
36077,149.758
36079,104.146
36081,47.363
36083,147.435
36085,74.788
36087,79.87
36089,199.931
36091,150.185
36093,137.817
36095,182.01
36097,281.784
36099,296.173
36101,204.25
36103,100.765
36105,192.511
36107,209.188
36109,153.522
36111,185.242
36113,224.573
36115,215.21
36117,194.938
36119,68.237
36121,154.446
36123,164.507
37001,159.686
37003,152.292
37005,248.894
37007,149.324
37009,256.277
37011,211.235
37013,321.929
37015,251.838
37017,210.426
37019,178.019
37021,141.358
37023,231.849
37025,120.542
37027,260.286
37029,NA
37031,238.061
37033,222.61
37035,138.055
37037,131.501
37039,218.599
37041,312.869
37043,238.204
37045,167.792
37047,164.587
37049,225.24
37051,127.168
37053,166.609
37055,191.859
37057,172.198
37059,233.261
37061,125.49
37063,81.316
37065,255.073
37067,127.587
37069,129.82
37071,135.045
37073,270.082
37075,257.069
37077,159.238
37079,174.792
37081,123.722
37083,197.041
37085,110.788
37087,219.175
37089,168.113
37091,186.443
37093,116.406
37095,NA
37097,141.109
37099,177.553
37101,132.672
37103,223.464
37105,186.192
37107,193.694
37109,179.874
37111,230.727
37113,226.902
37115,229.616
37117,263.249
37119,69.205
37121,231.39
37123,167.773
37125,174.365
37127,195.734
37129,98.889
37131,220
37133,125.577
37135,81.808
37137,210.592
37139,208.208
37141,159.079
37143,254.968
37145,160.371
37147,163.074
37149,250.811
37151,211.273
37153,253.677
37155,165.872
37157,215.553
37159,185.803
37161,307.132
37163,198.023
37165,195.778
37167,200.688
37169,208.257
37171,183.046
37173,264.882
37175,238.934
37179,63.546
37181,207.938
37183,61.999
37185,190.888
37187,229.602
37189,87.163
37191,126.46
37193,272.04
37195,164.093
37197,239.795
37199,271.524
38001,NA
38003,228.812
38005,NA
38009,NA
38015,169.335
38017,123.253
38029,NA
38035,154.749
38049,NA
38053,NA
38055,226.128
38057,NA
38059,175.273
38061,NA
38067,NA
38069,NA
38071,216.506
38073,NA
38077,140.647
38079,279.692
38089,163.467
38093,212.988
38097,NA
38099,275.128
38101,125.338
38105,142.703
39001,311.75
39003,239.055
39005,160.292
39007,233.124
39009,167.709
39011,143.81
39013,173.285
39015,294.796
39017,165.017
39019,234.92
39021,304.54
39023,266.348
39025,193.575
39027,183.762
39029,218.932
39031,204.907
39033,261.388
39035,165.766
39037,227.896
39039,235.861
39041,97.219
39043,189.064
39045,199.873
39047,317.339
39049,144.324
39051,171.708
39053,359.82
39055,150.967
39057,129.275
39059,314.876
39061,157.83
39063,180.567
39065,244.646
39067,235.187
39069,166.492
39071,290.502
39073,285.815
39075,159.323
39077,164.274
39079,292.263
39081,197.889
39083,198.967
39085,218.272
39087,294.06
39089,245.647
39091,228.053
39093,240.889
39095,213.879
39097,241.83
39099,186.515
39101,233.501
39103,139.938
39105,389.189
39107,107.556
39109,166.222
39111,NA
39113,204.804
39115,202.648
39117,182.669
39119,262.583
39121,146.915
39123,184.565
39125,222.635
39127,281.126
39129,241.466
39131,230.824
39133,160.572
39135,230.32
39137,149.753
39139,180.832
39141,283.117
39143,176.976
39145,295.71
39147,195.111
39149,193.324
39151,219.747
39153,203.406
39155,207.11
39157,194.763
39159,137.043
39161,141.034
39163,255.398
39165,106.138
39167,193.037
39169,229.244
39171,294.459
39173,165.106
39175,162.763
40001,171.961
40003,NA
40005,188.269
40009,173.187
40011,NA
40013,197.485
40015,226.681
40017,81.3
40019,224.483
40021,147.844
40023,154.518
40027,73.927
40031,131.82
40033,NA
40035,NA
40037,114.988
40039,102.414
40041,194.721
40045,NA
40047,132.582
40049,240.678
40051,170.158
40059,NA
40061,251.039
40063,206.398
40065,121.583
40067,NA
40069,261.568
40071,164.653
40073,NA
40075,NA
40077,259.266
40079,224.57
40081,145.179
40083,107.324
40085,330.099
40087,144.77
40089,298.58
40091,186.727
40095,240.875
40097,168.622
40099,222.733
40101,156.886
40103,NA
40105,NA
40107,189.036
40109,111.882
40111,124.959
40113,115.048
40115,217.727
40117,127.389
40119,78.885
40121,190.161
40123,159.144
40125,165.998
40127,NA
40131,104.614
40133,138.85
40135,225.214
40137,204.128
40139,104.275
40143,82.9
40145,93.976
40147,88.314
40149,183.454
40151,NA
40153,168.156
41001,342.487
41003,108.519
41005,165.661
41007,258.853
41009,267.796
41011,376.406
41013,332.3
41015,396.249
41017,173.187
41019,347.603
41023,363.23
41025,315.414
41027,154.959
41029,251.239
41031,216.638
41033,359.704
41035,298
41037,331.76
41039,209.461
41041,382.797
41043,231.178
41045,236.539
41047,190
41049,230.619
41051,174.176
41053,140.547
41057,363.386
41059,196.191
41061,210.833
41063,NA
41065,298.679
41067,115.31
41071,203.742
42001,152.672
42003,164.441
42005,181.993
42007,186.348
42009,107.605
42011,128.492
42013,197.353
42015,166.2
42017,117.497
42019,136.475
42021,182.585
42025,232.726
42027,83.61
42029,93.742
42031,155.792
42033,147.65
42035,193.714
42037,138.512
42039,210.997
42041,114.283
42043,124.586
42045,142.527
42047,150.919
42049,145.543
42051,244.852
42053,NA
42055,123.496
42057,218.579
42059,231.201
42061,131.481
42063,116.947
42065,147.483
42067,156.86
42069,158.053
42071,129.434
42073,191.308
42075,136.826
42077,142.642
42079,165.938
42081,228.204
42083,159.969
42085,173.585
42087,181.261
42089,151.718
42091,107.092
42093,223.519
42095,166.725
42097,207.476
42099,170.231
42101,127.37
42103,241.172
42105,266.509
42107,224.973
42109,126.026
42111,143.883
42113,NA
42115,176.203
42117,171.22
42119,127.291
42121,218.706
42123,242.349
42125,193.768
42127,211.004
42129,176.955
42131,167.145
42133,139.269
44001,156.928
44003,170.702
44005,141.332
44007,160.019
44009,145.699
45001,140.72
45003,112.267
45005,NA
45007,232.997
45011,139.645
45013,107.017
45015,112.377
45019,133.927
45021,132.401
45023,177.123
45025,73.892
45027,126.653
45029,213.591
45031,80.317
45033,142.589
45035,123.559
45037,87.26
45039,123.604
45041,124.692
45043,182.413
45045,152.577
45047,191.066
45049,NA
45051,174.969
45053,105.393
45055,171.615
45057,69.201
45059,233.613
45061,113.411
45063,114.607
45065,NA
45067,97.712
45069,126.183
45071,126.054
45073,226.573
45075,131.964
45077,203.479
45079,88.634
45081,99.025
45083,163.868
45085,87.527
45087,252.954
45089,65.717
45091,102.891
46005,270.703
46007,NA
46009,NA
46011,90.816
46013,161.01
46019,NA
46023,NA
46027,184.58
46029,174.607
46031,NA
46033,255.933
46035,165.804
46037,NA
46047,423.419
46051,NA
46057,NA
46059,NA
46065,159.091
46079,216.903
46081,185.91
46083,86.288
46087,NA
46091,NA
46093,148.052
46095,NA
46099,133.463
46103,136.232
46109,NA
46113,NA
46121,NA
46123,382.374
46125,NA
46127,187.492
46129,NA
46135,172.444
47001,213.338
47003,172.69
47005,193.581
47007,190.801
47009,183.415
47011,162.695
47013,282.016
47015,213.873
47017,160.188
47019,242.469
47021,185.557
47023,166.161
47025,214.126
47027,464.396
47029,306.653
47031,201.163
47033,159.6
47035,172.193
47037,138.952
47039,212.422
47041,346.057
47043,189.764
47045,228.068
47047,133.872
47049,343.814
47051,177.458
47053,161.94
47055,232.026
47057,225.381
47059,253.589
47061,216.596
47063,225.758
47065,161.291
47067,NA
47069,196.58
47071,186.923
47073,203.313
47075,140.032
47077,176.12
47079,250.696
47081,152.295
47083,258.176
47085,201.668
47087,198.859
47089,155.039
47091,202.771
47093,155.437
47095,317.46
47097,164.345
47099,194.982
47101,NA
47103,181.305
47105,145.761
47107,198.675
47109,258.338
47111,268.657
47113,120.824
47115,239.049
47117,191.133
47119,138.918
47121,374.844
47123,213.183
47125,107.799
47129,259.813
47131,189.679
47133,299.306
47135,NA
47137,NA
47139,226.568
47141,172.525
47143,317.49
47145,329.084
47147,160.486
47149,123.276
47151,191.37
47153,268.51
47155,208.952
47157,92.446
47159,231.398
47161,174.48
47163,166.595
47165,142.172
47167,135.393
47169,NA
47171,248.321
47173,203.762
47175,NA
47177,217.198
47179,187.539
47181,173.518
47183,199.958
47185,315.162
47187,73.936
47189,149.118
48001,173.208
48003,123.874
48005,232.37
48007,252.712
48009,390.67
48013,81.972
48015,110.895
48019,137.766
48021,171.636
48023,NA
48025,88.55
48027,99.586
48029,78.551
48031,219.452
48035,265.237
48037,183.252
48039,95.428
48041,69.414
48043,NA
48049,185.519
48051,180.18
48053,214.086
48055,143.34
48057,127.476
48059,303.907
48061,57.328
48063,163.208
48065,NA
48067,256.79
48071,110.278
48073,166.447
48075,NA
48077,372.805
48081,NA
48083,NA
48085,53.109
48089,195.062
48091,123.156
48093,170.573
48097,168.084
48099,96.404
48111,NA
48113,80.505
48115,NA
48117,143.388
48121,56.687
48123,119.818
48129,NA
48131,NA
48133,213.418
48135,149.242
48139,94.956
48141,63.729
48143,129.624
48145,162.103
48147,191.002
48149,155.076
48151,NA
48153,NA
48157,38.989
48159,197.982
48161,270.077
48165,NA
48167,109.886
48171,237.548
48175,NA
48177,167.657
48179,215.622
48181,166.101
48183,143.036
48185,159.011
48187,79.863
48189,72.965
48193,397.399
48195,NA
48197,NA
48199,133.163
48201,71.504
48203,217.934
48207,NA
48209,79.229
48213,297.869
48215,28.358
48217,199.561
48219,98.818
48221,223.367
48223,151.099
48225,224.136
48227,193.418
48231,144.451
48233,283.576
48237,320.22
48239,NA
48241,171.118
48245,96.985
48249,80.196
48251,164.754
48253,169.924
48255,NA
48257,108.154
48259,129.29
48265,347.546
48267,NA
48273,78.889
48275,NA
48277,164.688
48279,NA
48281,173.41
48285,151.446
48287,123.131
48289,254.35
48291,144.424
48293,238.623
48297,NA
48299,324.133
48303,94.347
48307,NA
48309,132.697
48313,228.784
48315,433.626
48319,NA
48321,121.01
48323,53.74
48325,91.309
48329,127.949
48331,197.017
48335,240.826
48337,298.753
48339,88.277
48341,135.624
48343,222.346
48347,130.687
48349,204.027
48351,157.109
48353,200.093
48355,116.784
48357,NA
48361,131.821
48363,221.01
48365,251.149
48367,179.232
48371,NA
48373,208.699
48375,213.52
48379,220.965
48381,167.546
48387,212.993
48389,NA
48391,NA
48395,167.154
48397,51.076
48399,258.423
48401,132.747
48403,223.236
48405,324.519
48407,212.943
48409,130.072
48411,NA
48415,NA
48419,175.926
48423,80.341
48425,NA
48427,NA
48429,302.847
48437,NA
48439,90.834
48441,174.314
48445,218.767
48449,101.252
48451,136.841
48453,70.873
48455,242.349
48457,150.094
48459,205.033
48463,124.611
48465,42.961
48467,139.822
48469,88.68
48471,114.711
48473,79.816
48475,241.379
48477,125.513
48479,57.155
48481,107.823
48483,NA
48485,306.437
48487,232.702
48489,NA
48491,77.546
48493,80.446
48495,NA
48497,203.243
48499,144.708
48501,NA
48503,429.705
49003,109.148
49005,42.361
49007,299.034
49011,56.971
49013,172.1
49015,195.771
49017,NA
49019,NA
49021,88.111
49025,NA
49027,NA
49035,96.936
49039,95.209
49041,141.064
49043,64.505
49045,100.258
49047,137.465
49049,43.39
49051,NA
49053,98.599
49057,128.454
50001,178.576
50003,301.18
50005,187.914
50007,156.626
50009,323.834
50011,192.17
50013,NA
50015,189.476
50017,193.644
50019,290.362
50021,288.316
50023,234.172
50025,268.861
50027,270.29
51001,261.025
51003,105.728
51005,NA
51009,151.74
51011,277.868
51013,29.124
51015,190.674
51019,115.444
51021,NA
51023,81.249
51025,160.069
51027,270.538
51029,181.84
51031,131.023
51033,122.606
51035,155.769
51037,173.139
51041,68.73
51043,194.796
51047,155.741
51049,NA
51051,193.747
51053,74.616
51057,NA
51059,27.05
51061,137.544
51063,NA
51065,140.84
51067,189.053
51069,120.823
51071,195.764
51073,198.85
51075,NA
51077,191.964
51079,123.897
51081,NA
51083,105.738
51085,59.392
51087,69.525
51089,225.484
51093,101.104
51095,92.737
51097,NA
51099,NA
51101,NA
51103,264.309
51105,194.384
51107,24.615
51109,153.252
51111,NA
51113,206.454
51115,NA
51117,168.328
51119,194.841
51121,57.808
51125,228.664
51131,288.327
51133,204.549
51135,NA
51137,222.329
51139,173.332
51141,234.336
51143,165.351
51145,NA
51147,120.992
51149,68.701
51153,32.512
51155,169.576
51157,NA
51159,273.535
51161,93.586
51163,160.772
51165,141.703
51167,164.414
51169,205.198
51171,192.241
51173,157.749
51175,110.76
51177,68.177
51179,49.182
51183,NA
51185,218.268
51187,155.791
51191,99.605
51193,NA
51195,206.485
51197,186.104
51199,57.373
51510,24.389
51520,324.292
51530,NA
51540,108.714
51550,76.49
51570,112.537
51590,190.94
51600,NA
51620,NA
51630,NA
51640,295.203
51650,125.545
51660,99.853
51670,140.752
51678,NA
51680,120.93
51683,NA
51690,312.384
51700,144.095
51710,94.241
51720,NA
51730,150.555
51735,183.074
51740,148.028
51750,NA
51760,74.383
51770,178.607
51775,160.476
51790,283.216
51800,76.171
51810,64.295
51820,233.015
51840,159.907
53001,124.753
53003,318.3
53005,96.032
53007,213.524
53009,277.592
53011,144.534
53013,558.659
53015,262.457
53017,145.184
53019,NA
53021,55.457
53025,162.487
53027,325.292
53029,147.635
53031,244.067
53033,97.443
53035,164.268
53037,140.418
53039,230.036
53041,249.137
53043,289.855
53045,265.282
53047,271.935
53049,357.664
53051,297.188
53053,164.633
53055,232.572
53057,227.197
53059,191.138
53061,143.089
53063,198.569
53065,285.785
53067,184.942
53069,NA
53071,198.873
53073,170.664
53075,98.258
53077,139.002
54003,105.704
54005,100.806
54009,95.748
54011,129.184
54019,69.941
54025,59.525
54027,154.5
54029,148.699
54031,NA
54033,57.018
54035,NA
54037,97.573
54039,85.91
54043,94.197
54045,80.119
54047,161.956
54049,49.524
54051,NA
54053,111.836
54055,104.187
54057,72.963
54059,210.979
54061,43.012
54065,NA
54067,NA
54069,82.322
54077,NA
54079,49.174
54081,79.633
54083,NA
54087,NA
54099,128.297
54107,91.076
54109,96.494
55001,348.797
55003,280.005
55005,220.206
55007,141.025
55009,135.56
55011,NA
55013,302.373
55015,90.812
55017,163.396
55019,164.945
55021,172.15
55023,153.177
55025,115.948
55027,170.323
55029,202.994
55031,232.136
55033,125.268
55035,164.133
55039,180.138
55041,286.849
55043,99.59
55045,126.77
55047,186.976
55049,147.967
55051,NA
55053,238.304
55055,138.257
55057,388.216
55059,196.215
55061,166.626
55063,165.93
55065,125.351
55067,249.727
55069,261.63
55071,208.711
55073,128.316
55075,288.953
55077,245.57
55079,168.69
55081,168.775
55083,192.359
55085,280.891
55087,138.192
55089,148.334
55091,NA
55093,138.222
55095,190.888
55097,103.624
55099,258.933
55101,183.97
55103,228.885
55105,241.307
55107,233.595
55109,113.599
55111,215.797
55113,287.128
55115,182.651
55117,170.671
55119,151.671
55121,148.483
55123,262.868
55125,293.912
55127,166.086
55129,268.405
55131,149.669
55133,135.785
55135,285.254
55137,136.578
55139,181.298
55141,151.832
56001,83.647
56003,299.875
56005,131.139
56007,211.295
56009,162.075
56011,NA
56013,203.767
56015,328.603
56017,427.442
56019,NA
56021,205.837
56023,NA
56025,170.288
56029,183.968
56031,253.456
56033,274.834
56037,169.818
56039,NA
56041,134.79
56043,NA
56045,NA
