fips,median_household_income
39001,35560
39003,44103
39005,48003
39007,40544
39009,33872
39011,54274
39013,43833
39015,45568
39017,57540
39019,47075
39021,50974
39023,43625
39025,60805
39027,46787
39029,44497
39031,41701
39033,40795
39035,44190
39037,44632
39039,50663
39041,91955
39043,48011
39045,60567
39047,40503
39049,52341
39051,55120
39053,37319
39055,72430
39057,60113
39059,40930
39061,49013
39063,50895
39065,42703
39067,43173
39069,53835
39071,39858
39073,42170
39075,51996
39077,48745
39079,39460
39081,41942
39083,48533
39085,58029
39087,42874
39089,56549
39091,49783
39093,52457
39095,41777
39097,57406
39099,41375
39101,42966
39103,66952
39105,37813
39107,53099
39109,51569
39111,41528
39113,43829
39115,37067
39117,51993
39119,41130
39121,41708
39123,53914
39125,45550
39127,42017
39129,57439
39131,40283
39133,52552
39135,47818
39137,60524
39139,41877
39141,43345
39143,47209
39145,35903
39147,45444
39149,54550
39151,47137
39153,50765
39155,43073
39157,45310
39159,67382
39161,48060
39163,40680
39165,74379
39167,43509
39169,50383
39171,42492
39173,53577
39175,47555
1007,38678
1009,45813
1011,31938
1013,32229
1015,41703
1017,34177
1019,36296
1021,41627
1023,33536
1025,32011
1027,35327
1029,38056
1031,46729
1033,40576
1035,24900
1037,31212
1039,36444
1041,36022
1043,38971
1045,45028
1047,27306
1049,38192
1051,53555
1053,32330
1055,39220
1057,34680
1059,35372
1061,36024
1063,20541
1065,32714
1067,41997
1069,41571
1071,37745
1073,45610
1075,35450
1077,43125
1079,40003
1081,44570
1083,49570
1085,25876
1087,30738
1089,57993
1091,32042
1093,32299
1095,38983
1097,43809
1099,27257
1101,44369
1103,45751
1105,24537
1107,30330
1109,32825
1111,36924
1113,37049
1115,51859
1117,70187
1119,19501
1121,35155
1123,39206
1125,46565
1127,35843
1129,42811
1131,23750
1133,33194
1001,51281
1003,50254
1005,32964
2013,61518
2016,84306
2020,78326
2050,51012
2060,79750
2068,81544
2070,54173
2090,71068
2100,58750
2105,52419
2110,85746
2122,63684
2130,64222
2150,70887
2158,38229
2164,50781
2170,72983
2180,48868
2185,72576
2188,63648
2195,67935
2198,48523
2220,70376
2230,69318
2240,62670
2261,78810
2275,48603
2282,72500
2290,38491
4001,31757
4003,45075
4005,50234
4007,39751
4009,45964
4011,51628
4012,34466
4013,54229
4015,38488
4017,35921
4019,46162
4021,49477
4023,40140
4025,44748
4027,40743
5001,36411
5003,34263
5005,35396
5007,56239
5009,39251
5011,33701
5013,36899
5015,36897
5017,28913
5019,35031
5021,32552
5023,42905
5025,43158
5027,36619
5029,37732
5031,42475
5033,41268
5035,38004
5037,38103
5039,34084
5041,27197
5043,32819
5045,51223
5047,39285
5049,37066
5051,38733
5053,46171
5055,41286
5057,32122
5059,40000
5061,34229
5063,36265
5065,32630
5067,31261
5069,36747
5071,34139
5073,31194
5075,32379
5077,28393
5079,32580
5081,36205
5083,35325
5085,53631
5087,37691
5089,34195
5091,40317
5093,34612
5095,27647
5097,33037
5099,30691
5101,34536
5103,31293
5105,42346
5107,26844
5109,33097
5111,33070
5113,33702
5115,39810
5117,35833
5119,46140
5121,34044
5123,32105
5125,55817
5127,37321
5129,33083
5131,38575
5133,36579
5135,30691
5137,29264
5139,38678
5141,32312
5143,43524
5145,42554
5147,28993
5149,37804
6001,75619
6003,52917
6005,54171
6007,43444
6009,53233
6011,52168
6013,80185
6015,40847
6017,69584
6019,45233
6021,39349
6023,42197
6025,41079
6027,45955
6029,49026
6031,46481
6033,35578
6035,51555
6037,56196
6039,45073
6041,93257
6043,47681
6045,42980
6047,42462
6049,37860
6051,56944
6053,58783
6055,71379
6057,56521
6059,76509
6061,73948
6063,47333
6065,56603
6067,55987
6069,71077
6071,53433
6073,64309
6075,81294
6077,53274
6079,60691
6081,93623
6083,63985
6085,96310
6087,67256
6089,44620
6091,42833
6093,37170
6095,66828
6097,64240
6099,50125
6101,52017
6103,41001
6105,34974
6107,42031
6109,50306
6111,77348
6113,54989
6115,46892
8001,58946
8003,32395
8005,63265
8007,46646
8009,38000
8011,36791
8013,70961
8014,81898
8015,51092
8017,52554
8019,67710
8021,36652
8023,31321
8025,31151
8027,35000
8029,42452
8031,53637
8033,31875
8035,102964
8037,72214
8039,84963
8041,58206
8043,40423
8045,56590
8047,65670
8049,63628
8051,48071
8053,57083
8055,31715
8057,46014
8059,70164
8061,40304
8063,40603
8065,45367
8067,60278
8069,59805
8071,45067
8073,39005
8075,42319
8077,49322
8079,48125
8081,51387
8083,43553
8085,43999
8087,48450
8089,32311
8091,61624
8093,56969
8095,43639
8097,71196
8099,40179
8101,41286
8103,61842
8105,39672
8107,64963
8109,33393
8111,36324
8113,56047
8115,44191
8117,67983
8119,62372
8121,45541
8123,60572
8125,43105
9001,84233
9003,66395
9005,72061
9007,79893
9009,61640
9011,66233
9013,79626
9015,59392
10001,54976
10003,65476
10005,53751
12001,43073
12003,47121
12005,47368
12007,41606
12009,48925
12011,51968
12013,34510
12015,44244
12017,38312
12019,58290
12021,57452
12023,41926
12027,35165
12029,36292
12031,47690
12033,45390
12035,47866
12037,40401
12039,35567
12041,40623
12043,34877
12045,41788
12047,35048
12049,35457
12051,36771
12053,40945
12055,35093
12057,50579
12059,35020
12061,45798
12063,35098
12065,43355
12067,35864
12069,46403
12071,48537
12073,46745
12075,35782
12077,39406
12079,32164
12081,49675
12083,39459
12085,51593
12086,43129
12087,57290
12089,54116
12091,55880
12093,35405
12095,47943
12097,44254
12099,53363
12101,45064
12103,45819
12105,43162
12107,31715
12109,66194
12111,43459
12113,58923
12115,51766
12117,57010
12119,50350
12121,36289
12123,36181
12125,39163
12127,41117
12129,50340
12131,44966
12133,38970
13001,37135
13003,30933
13005,37162
13007,44297
13009,32460
13011,41472
13013,52012
13015,48893
13017,29994
13019,31835
13021,36519
13023,38991
13025,37206
13027,32663
13029,63327
13031,36032
13033,33641
13035,41667
13037,25513
13039,52473
13043,30185
13045,43586
13047,50876
13049,42778
13051,47218
13053,43378
13055,32913
13057,68926
13059,32162
13061,20438
13063,40938
13065,24015
13067,65873
13069,33965
13071,32409
13073,71021
13075,35683
13077,62461
13079,41825
13081,31615
13083,46434
13085,56943
13087,31284
13089,51376
13091,34271
13093,28696
13095,32084
13097,53881
13099,31680
13101,32959
13103,63100
13105,35388
13107,32229
13109,37865
13111,37049
13113,79066
13115,41549
13117,88816
13119,33816
13121,57207
13123,40228
13125,40759
13127,45918
13129,41612
13131,34187
13133,42408
13135,60289
13137,40907
13139,51202
13141,24925
13143,41910
13145,63824
13147,37653
13149,41525
13151,60424
13153,53270
13155,34156
13157,53379
13159,42368
13161,36385
13163,26557
13165,24604
13167,34438
13169,51857
13171,40344
13173,37605
13175,32356
13177,61537
13179,42201
13181,34243
13183,48863
13185,36834
13187,43804
13189,36656
13191,42988
13193,28684
13195,41912
13197,36242
13199,35832
13201,33983
13205,31915
13207,48744
13209,34672
13211,51820
13213,35539
13215,42306
13217,49179
13219,72182
13221,44226
13223,60109
13225,41588
13227,54123
13229,40247
13231,51338
13233,37853
13235,38750
13237,44299
13239,31487
13241,35211
13243,28377
13245,37424
13247,50455
13249,39375
13251,34466
13253,34905
13255,40246
13257,40315
13259,21118
13261,32758
13263,34078
13265,26306
13267,33980
13269,28143
13271,26449
13273,28688
13275,36641
13277,37653
13279,33679
13281,37000
13283,38596
13285,41489
13287,31806
13289,30468
13291,40799
13293,35774
13295,41632
13297,54453
13299,34909
13301,29176
13303,37932
13305,38955
13307,37063
13309,27620
13311,40888
13313,40596
13315,32043
13317,32727
13319,38485
13321,37974
15001,52108
15003,74460
15005,66250
15007,65101
15009,66476
16001,56356
16003,39565
16005,43779
16007,48654
16009,39863
16011,50155
16013,60088
16015,44238
16017,42171
16019,50762
16021,38961
16023,37891
16025,42614
16027,42888
16029,58021
16031,45695
16033,33672
16035,38837
16037,39457
16039,43848
16041,48133
16043,47988
16045,40828
16047,39930
16049,38191
16051,51171
16053,41630
16055,49403
16057,42439
16059,34329
16061,36505
16063,43273
16065,32233
16067,44853
16069,48160
16071,41338
16073,33440
16075,44257
16077,44779
16079,37665
16081,53474
16083,44048
16085,48384
16087,34775
17059,39636
17061,42565
17063,65887
17065,44159
17067,47699
17069,38838
17071,47672
17073,53480
17075,47834
17077,33871
17079,54209
17081,43247
17083,53271
17085,53221
17087,42287
17089,70696
17091,52110
17093,84385
17095,39976
17097,78026
17099,50633
17101,40841
17103,52379
17105,54254
17107,50539
17109,40314
17111,77222
17113,62211
17115,47176
17117,51206
17119,53431
17121,42238
17123,53423
17125,41567
17127,40977
17129,60486
17131,54757
17133,70859
17135,46966
17137,45978
17139,49681
17141,54849
17143,51147
17145,42478
17147,66261
17149,40588
17151,39223
17153,31980
17155,56358
17157,48158
17159,44127
17161,48817
17163,49895
17165,38258
17167,56167
17169,47723
17171,47222
17173,47850
17175,50085
17177,45331
17179,58194
17181,42606
17001,45965
17003,27265
17005,47946
17007,58248
17009,50739
17011,50423
17013,53869
17015,48631
17017,47434
17019,46495
17021,45334
17023,50517
17025,44209
17027,63236
17029,39588
17031,55251
17033,47468
17035,46061
17037,54101
17039,53959
17041,51810
17043,79658
17045,45691
17047,44497
17049,52224
17051,43944
17053,49947
17055,39512
17057,46083
17183,42977
17185,47491
17187,43699
17189,53202
17191,44993
17193,44648
17195,47401
17197,76101
17199,44453
17201,48225
17203,65852
18001,48188
18003,49092
18005,55050
18007,47046
18009,38190
18011,67552
18013,54615
18015,52005
18017,42290
18019,51699
18021,47602
18023,48478
18025,38695
18027,47342
18029,58680
18031,49799
18033,48341
18035,38830
18037,53513
18039,47913
18041,39379
18043,54914
18045,46760
18047,51748
18049,45332
18051,48303
18053,40294
18055,45397
18057,86222
18059,66606
18061,52128
18063,70163
18065,41855
18067,44226
18069,46945
18071,47000
18073,55374
18075,41021
18077,45718
18079,44736
18081,62147
18083,42725
18085,52821
18087,49964
18089,50135
18091,46872
18093,45875
18095,44195
18097,42168
18099,48485
18101,44589
18103,45184
18105,42404
18107,48213
18109,55432
18111,46895
18113,49331
18115,48780
18117,39812
18119,43948
18121,40781
18123,47470
18125,44399
18127,63926
18129,58101
18131,43836
18133,51355
18135,40810
18137,51170
18139,45121
18141,45471
18143,44442
18145,53584
18147,55247
18149,42208
18151,48472
18153,45023
18155,44061
18157,45932
18159,51613
18161,44277
18163,43046
18165,43600
18167,40313
18169,45649
18171,56042
18173,62185
18175,41289
18177,38494
18179,51101
18181,52154
18183,54389
19001,46526
19003,48043
19005,45890
19007,41394
19009,46979
19011,60606
19013,48369
19015,52985
19017,62163
19019,56150
19021,48195
19023,52360
19025,44921
19027,50559
19029,43750
19031,59047
19033,46122
19035,48599
19037,47040
19039,43327
19041,50389
19043,48007
19045,50498
19047,48084
19049,76320
19051,48888
19053,38560
19055,58274
19057,44423
19059,57265
19061,54605
19063,47795
19065,44928
19067,44797
19069,48605
19071,53324
19073,46898
19075,56750
19077,51013
19079,49813
19081,52981
19083,51019
19085,53567
19087,49321
19089,49869
19091,47252
19093,46993
19095,59375
19097,49028
19099,55033
19101,42899
19103,55700
19105,55060
19107,43838
19109,51496
19111,43312
19113,59322
19115,51144
19117,43962
19119,57130
19121,60060
19123,48726
19125,54693
19127,53351
19129,63979
19131,49488
19133,40302
19135,46304
19137,42418
19139,53676
19141,55227
19143,49448
19145,43912
19147,47113
19149,57130
19151,45069
19153,60061
19155,51976
19157,51006
19159,47042
19161,49572
19163,55114
19165,50952
19167,61627
19169,50438
19171,55203
19173,44246
19175,44351
19177,45111
19179,42095
19181,64447
19183,56390
19185,43358
19187,42408
19189,47668
19191,54429
19193,46720
19195,48459
19197,43698
20109,46875
20111,40021
20113,56128
20115,45927
20117,45374
20119,52250
20121,60966
20123,48217
20125,41083
20127,47089
20129,46028
20131,48653
20133,43195
20135,44904
20137,47852
20139,49915
20141,40216
20143,52479
20145,43250
20147,44170
20149,60216
20151,49550
20153,41579
20155,45288
20157,40449
20159,48460
20161,44437
20163,43558
20165,38854
20167,41102
20169,47801
20171,51850
20173,50657
20175,47134
20177,50378
20179,49750
20181,39029
20183,43848
20185,47377
20187,43780
20189,55433
20191,50141
20193,48504
20195,54000
20197,54688
20199,47279
20201,45159
20203,57171
20205,40306
20207,35787
20209,40113
20001,38698
20003,40696
20005,43581
20007,51811
20009,44013
20011,38280
20013,43724
20015,58897
20017,38707
20019,37993
20021,41388
20023,44500
20025,42589
20027,52066
20029,39282
20031,57433
20033,45288
20035,43860
20037,36534
20039,40657
20041,49096
20043,47209
20045,50939
20047,47303
20049,36458
20051,45579
20053,47736
20055,49227
20057,50777
20059,51081
20061,43992
20063,46364
20065,43826
20067,55432
20069,61000
20071,47750
20073,38838
20075,45114
20077,43973
20079,51327
20081,56484
20083,54856
20085,54077
20087,57236
20089,40553
20091,76113
20093,50506
20095,50844
20097,43963
20099,41439
20101,56507
20103,63726
20105,44276
20107,46964
21001,33362
21003,41326
21005,53974
21007,42244
21009,38370
21011,33483
21013,22443
21015,66730
21017,45208
21019,42319
21021,39704
21023,36327
21025,25817
21027,43479
21029,55975
21031,33536
21033,42537
21035,37034
21037,54621
21039,38829
21041,41439
21043,36696
21045,32341
21047,39521
21049,47959
21051,21549
21053,28025
21055,35316
21057,32019
21059,45989
21061,41710
21063,28224
21065,29770
21067,49778
21069,35469
21071,30096
21073,47964
21075,28359
21077,48370
21079,44243
21081,44824
21083,39530
21085,35030
21087,34982
21089,45370
21091,50476
21093,50765
21095,25814
21097,35681
21099,34774
21101,41036
21103,46495
21105,41218
21107,42346
21109,29826
21111,48695
21113,50558
21115,35570
21117,54296
21119,30411
21121,26599
21123,38578
21125,36020
21127,35935
21129,22698
21131,25872
21133,30333
21135,28630
21137,37139
21139,42171
21141,38570
21143,46931
21145,44067
21147,19328
21149,40770
21151,42390
21153,28500
21155,38826
21157,45212
21159,25795
21161,38824
21163,49884
21165,31503
21167,42083
21169,32294
21171,31045
21173,39275
21175,29707
21177,38961
21179,49298
21181,36097
21183,40189
21185,85452
21187,41934
21189,20985
21191,48353
21193,32667
21195,33183
21197,29736
21199,34790
21201,31741
21203,31555
21205,36860
21207,30720
21209,63027
21211,60324
21213,39679
21215,63000
21217,33340
21219,40497
21221,44083
21223,47409
21225,40120
21227,44911
21229,40976
21231,28573
21233,38917
21235,31014
21237,20504
21239,58750
22001,37649
22003,40948
22005,70551
22007,49167
22009,33739
22011,45969
22013,32876
22015,52892
22017,41234
22019,45312
22021,33294
22023,64231
22025,34904
22027,32072
22029,29654
22031,41468
22033,49285
22035,21099
22037,45520
22039,30009
22041,30275
22043,39914
22045,45261
22047,45117
22049,38029
22051,47947
22053,39063
22055,51869
22057,51030
22059,37310
22061,33467
22063,58251
22065,23854
22067,28003
22069,31345
22071,36792
22073,37754
22075,50314
22077,43825
22079,40734
22081,38000
22083,36421
22085,38828
22087,42753
22089,59990
22091,35437
22093,51107
22095,50921
22097,32625
22099,42794
22101,40781
22103,62137
22105,41302
22107,22940
22109,47826
22111,34992
22113,45374
22115,46312
22117,30705
22119,33681
22121,53703
22123,31926
22125,56685
22127,31087
23001,47537
23003,36923
23005,60051
23007,42811
23009,47030
23011,46917
23013,50693
23015,50462
23017,40630
23019,44271
23021,37495
23023,53298
23025,40066
23027,44082
23029,38083
23031,57919
24001,40551
24003,89860
24005,67095
24009,95828
24011,52465
24013,85385
24015,66396
24017,90607
24019,47093
24021,83700
24023,45432
24025,80465
24027,110238
24029,58147
24031,99435
24033,74260
24035,85963
24037,86987
24039,35154
24041,58228
24043,56228
24045,52278
24047,56773
24510,42241
25001,63251
25003,49956
25005,56842
25007,64222
25009,69068
25011,55221
25013,50461
25015,61368
25017,85118
25019,84057
25021,88262
25023,75459
25025,55044
25027,65313
26001,38033
26003,39300
26005,54264
26007,38829
26009,46845
26011,38307
26013,39803
26015,55064
26017,45583
26019,47388
26021,44993
26023,44373
26025,42520
26027,46570
26029,46554
26031,40219
26033,41993
26035,33015
26037,60909
26039,41743
26041,42031
26043,43779
26045,54993
26047,51018
26049,42327
26051,38021
26053,35686
26055,52950
26057,41912
26059,41961
26061,37776
26063,42161
26065,45679
26067,49124
26069,37317
26071,33663
26073,39377
26075,46326
26077,47476
26079,40534
26081,53063
26083,37813
26085,30439
26087,52996
26089,56189
26091,48043
26093,75204
26095,37088
26097,38434
26099,54582
26101,41395
26103,45409
26105,42024
26107,41889
26109,40373
26111,54059
26113,41098
26115,55653
26117,41584
26119,36250
26121,42829
26123,43693
26125,67465
26127,41617
26129,36063
26131,34459
26133,38999
26135,33021
26137,48917
26139,58989
26141,41213
26143,35133
26145,43042
26147,49730
26149,44449
26151,41100
26153,34118
26155,48233
26157,43768
26159,46008
26161,61003
26163,41210
26165,41534
27001,42252
27003,70873
27005,52038
27007,44757
27009,52178
27011,47794
27013,50061
27015,52598
27017,53227
27019,86323
27021,46531
27023,50858
27025,71001
27027,57965
27029,43421
27031,52299
27033,46750
27035,49435
27037,75567
27039,68116
27041,54531
27043,47540
27045,51665
27047,47105
27049,57062
27051,50174
27053,65834
27055,53809
27057,47486
27059,59865
27061,47761
27063,50574
27065,47384
27067,52632
27069,52326
27071,42919
27073,49903
27075,48417
27077,42263
27079,60632
27081,49575
27083,51600
27085,56128
27087,41118
27089,54092
27091,51391
27093,55042
27095,49094
27097,50049
27099,49427
27101,51983
27103,58640
27105,50625
27107,50377
27109,68023
27111,52365
27113,47127
27115,44549
27117,46990
27119,53326
27121,52785
27123,56104
27125,50332
27127,47211
27129,52149
27131,59598
27133,51496
27135,53199
27137,48331
27139,87794
27141,74170
27143,56990
27145,56336
27147,57858
27149,52302
27151,49035
27153,46414
27155,49186
27157,56510
27159,41906
27161,53564
27163,83706
27165,50604
27167,51476
27169,50547
27171,73557
27173,53041
28001,28869
28003,36163
28005,30704
28007,32886
28009,33141
28011,27585
28013,31098
28015,37289
28017,30926
28019,30692
28021,23259
28023,35993
28025,31669
28027,28851
28029,35130
28031,31631
28033,58278
28035,36416
28037,38170
28039,44258
28041,40176
28043,31779
28045,43355
28047,41722
28049,37324
28051,20732
28053,23216
28055,23491
28057,35004
28059,48406
28061,31578
28063,20743
28065,26279
28067,37143
28069,30056
28071,44643
28073,52035
28075,38132
28077,35634
28079,33452
28081,42784
28083,24233
28085,36473
28087,40239
28089,64376
28091,30668
28093,37419
28095,36783
28097,30146
28099,35645
28101,37045
28103,26677
28105,32485
28107,36555
28109,40976
28111,34045
28113,31677
28115,40645
28117,32945
28119,24583
28121,58801
28123,32935
28125,30525
28127,35375
28129,32951
28131,45025
28133,27384
28135,29731
28137,42880
28139,35609
28141,35143
28143,31211
28145,35865
28147,31384
28149,41121
28151,29144
28153,32557
28155,34448
28157,29931
28159,33202
28161,36502
28163,28961
29151,52693
29153,31399
29155,29238
29157,51499
29159,39928
29161,41618
29163,41750
29165,68254
29167,41130
29169,47931
29171,36346
29173,47345
29175,37832
29177,52526
29179,35648
29181,32444
29183,72415
29185,32046
29186,47014
29187,39741
29189,59755
29195,40101
29197,37500
29199,39772
29201,39162
29203,32404
29205,39087
29207,38203
29209,40510
29211,40197
29213,38357
29215,35088
29217,40693
29219,51133
29221,35305
29223,33750
29225,44451
29227,45952
29229,29778
29510,35599
29001,37516
29003,55613
29005,43933
29007,41310
29009,39033
29011,37467
29013,41060
29015,33042
29017,39707
29019,49899
29021,46315
29023,35738
29025,43691
29027,47744
29029,44816
29031,46050
29033,42415
29035,33034
29037,61584
29039,31532
29041,40642
29043,53270
29045,43883
29047,62099
29049,54773
29051,53088
29053,44549
29055,36743
29057,37035
29059,38062
29061,41642
29063,41406
29065,36831
29067,30508
29069,31077
29071,48480
29073,42826
29075,41912
29077,41227
29079,37656
29081,39301
29083,42181
29085,32122
29087,42500
29089,44820
29091,32784
29093,36239
29095,46869
29097,41811
29099,55348
29101,49792
29103,38289
29105,39712
29107,50723
29109,40597
29111,43909
29113,53718
29115,37997
29117,43350
29119,38368
29121,36976
29123,35097
29125,39700
29127,40814
29129,40768
29131,38094
29133,28347
29135,47725
29137,43138
29139,39830
29141,33525
29143,33630
29145,43290
29147,35854
29149,29851
30001,41512
30003,41622
30005,36744
30007,50115
30009,49767
30011,45000
30013,45205
30015,38521
30017,48750
30019,49239
30021,52738
30023,39399
30025,53266
30027,40881
30029,47851
30031,55553
30033,39732
30035,29640
30037,40938
30039,48512
30041,44633
30043,60842
30045,44602
30047,38732
30049,56197
30051,47768
30053,35275
30055,40750
30057,46250
30059,41641
30061,36031
30063,46164
30065,39517
30067,43932
30069,43750
30071,36071
30073,42264
30075,46346
30077,40000
30079,42383
30081,39480
30083,65084
30085,32974
30087,51159
30089,32257
30091,50664
30093,37749
30095,58259
30097,50588
30099,46360
30101,44804
30103,41103
30105,49141
30107,32723
30109,38553
30111,52802
31001,50635
31003,45609
31005,39375
31007,48897
31009,48875
31011,50306
31013,51691
31015,40224
31017,36078
31019,53624
31021,47429
31023,51027
31025,65619
31027,52250
31029,52422
31031,48750
31033,53814
31035,51470
31037,51367
31039,50013
31041,46468
31043,49786
31045,41038
31047,48329
31049,50962
31051,51223
31053,49068
31055,54659
31057,42500
31059,52316
31061,45905
31063,49634
31065,39934
31067,50010
31069,45845
31071,43179
31073,54375
31075,44750
31077,42904
31079,49252
31081,59311
31083,46766
31085,44500
31087,39231
31089,46728
31091,37317
31093,50030
31095,43008
31097,45429
31099,51934
31101,41781
31103,38625
31105,40242
31107,45411
31109,51830
31111,50194
31113,48281
31115,55417
31117,54306
31119,50218
31121,51012
31123,45910
31125,42500
31127,49656
31129,40488
31131,50275
31133,41161
31135,55893
31137,50404
31139,54482
31141,56318
31143,57312
31145,42931
31147,42750
31149,48456
31151,51738
31153,70543
31155,60854
31157,45992
31159,59662
31161,41985
31163,46366
31165,41215
31167,53416
31169,45741
31171,51000
31173,41266
31175,44612
31177,65370
31179,54159
31181,40256
31183,46394
31185,51802
32001,47415
32003,51575
32005,58535
32007,71799
32009,39271
32011,60250
32013,65212
32015,78190
32017,44866
32019,47255
32021,38923
32023,41712
32027,45230
32029,64832
32031,52870
32033,57122
32510,47668
33001,62159
33003,53306
33005,57782
33007,42312
33009,55762
33011,71244
33013,65983
33015,81198
33017,60711
33019,56032
34001,54461
34003,85806
34005,78621
34007,62185
34009,57637
34011,49984
34013,53976
34015,76727
34017,59741
34019,105444
34021,72804
34023,79593
34025,85242
34027,100214
34029,61994
34031,59739
34033,61831
34035,100667
34037,86565
34039,69594
34041,70471
35001,47725
35003,42973
35005,40630
35006,34565
35007,32380
35009,41084
35011,32500
35013,38853
35015,56618
35017,38311
35019,30772
35021,33393
35023,34444
35025,57533
35027,40708
35028,101934
35029,27476
35031,28772
35033,23822
35035,39775
35037,29113
35039,36098
35041,35546
35043,58982
35045,48671
35047,29237
35049,54315
35051,29356
35053,34037
35055,36582
35057,32083
35059,36070
35061,41703
36081,57720
36083,60709
36085,73197
36087,84855
36089,44705
36091,71496
36093,58114
36095,51195
36097,47680
36099,49292
36101,47280
36103,88663
36105,50710
36107,57514
36109,52624
36111,58918
36113,56798
36115,51143
36117,50798
36119,83958
36121,52564
36123,49510
36001,59887
36003,42776
36005,34299
36007,46261
36009,42601
36011,52082
36013,42993
36015,50320
36017,45668
36019,49930
36021,59105
36023,49514
36025,43720
36027,71904
36029,51247
36031,52758
36033,47923
36035,46969
36037,50880
36039,50278
36041,48243
36043,46229
36045,49505
36047,48201
36049,49819
36051,51734
36053,54145
36055,52553
36057,43764
36059,99465
36061,72871
36063,49449
36065,48246
36067,55092
36069,57416
36071,70848
36073,46359
36075,47860
36077,48588
36079,96148
37001,41814
37003,39365
37005,36968
37007,33228
37009,36267
37011,37777
37013,40391
37015,30027
37017,30096
37019,46859
37021,45167
37023,39360
37025,54720
37027,35763
37029,58780
37031,48457
37033,37869
37035,44376
37037,56642
37039,34662
37041,38759
37043,37076
37045,39453
37047,34949
37049,47985
37051,44171
37053,60600
37055,54496
37057,43363
37059,51527
37061,35035
37063,52503
37065,32659
37067,45471
37069,42685
37071,42429
37073,49258
37075,34805
37077,50225
37079,35777
37081,45651
37083,32245
37085,46353
37087,42257
37089,46448
37091,33008
37093,41542
37095,42897
37097,52306
37099,38015
37101,50512
37103,34005
37105,45608
37107,34717
37109,49215
37111,35965
37113,39133
37115,37904
37117,35080
37119,56854
37121,37391
37123,32500
37125,50998
37127,42713
37129,50088
37131,30429
37133,46335
37135,59290
37137,43444
37139,45378
37141,44828
37143,44329
37145,42105
37147,41119
37149,46528
37151,41947
37153,32687
37155,30608
37157,38126
37159,43069
37161,35630
37163,35490
37165,30958
37167,40910
37169,40696
37171,36164
37173,33931
37175,45114
37177,32361
37179,65903
37181,33316
37183,67309
37185,34254
37187,34538
37189,37656
37191,40390
37193,33232
37195,39847
37197,37796
37199,37484
38001,52118
38003,53141
38005,41296
38007,70469
38009,56349
38011,66845
38013,60096
38015,65254
38017,53289
38019,66806
38021,53750
38023,56042
38025,69732
38027,48583
38029,44051
38031,55769
38033,40179
38035,48676
38037,44559
38039,48355
38041,52169
38043,54559
38045,54821
38047,51458
38049,57386
38051,42277
38053,72794
38055,55686
38057,72704
38059,62418
38061,68188
38063,51085
38065,60278
38067,53504
38069,42563
38071,50841
38073,56500
38075,65125
38077,55390
38079,33277
38081,57125
38083,48102
38085,38068
38087,55000
38089,72099
38091,55833
38093,52359
38095,56625
38097,54960
38099,49411
38101,61393
38103,48098
38105,88013
40001,33404
40003,50156
40005,36661
40007,52090
40009,48601
40011,41972
40013,38847
40015,40674
40017,64505
40019,44531
40021,38694
40023,30617
40025,46680
40027,56452
40029,38243
40031,46241
40033,46361
40035,38876
40037,45016
40039,46125
40041,37942
40043,50904
40045,50855
40047,48238
40049,40524
40051,52279
40053,50250
40055,40125
40057,31250
40059,48359
40061,35252
40063,35563
40065,41560
40067,33449
40069,38776
40071,42134
40073,60034
40075,39909
40077,39205
40079,36490
40081,45149
40083,55299
40085,44549
40087,56088
40089,32324
40091,36011
40093,51571
40095,40475
40097,42071
40099,47077
40101,39984
40103,48285
40105,39875
40107,36216
40109,47437
40111,38843
40113,45443
40115,36347
40117,45765
40119,37667
40121,42576
40123,43261
40125,44688
40127,32445
40129,50739
40131,58139
40133,36068
40135,35736
40137,43781
40139,50242
40141,37759
40143,49759
40145,55715
40147,50023
40149,49632
40151,55315
40153,55300
41001,41098
41003,49802
41005,65965
41007,46408
41009,53179
41011,38605
41013,37106
41015,40884
41017,51223
41019,41312
41021,44293
41023,38046
41025,37580
41027,55827
41029,44028
41031,46366
41033,37665
41035,40336
41037,32369
41039,44103
41041,42101
41043,45644
41045,35418
41047,48432
41049,50918
41051,54102
41053,52821
41055,38362
41057,42581
41059,48101
41061,43822
41063,40581
41065,43422
41067,66754
41069,33487
41071,53423
42001,60356
42003,53040
42005,44942
42007,50581
42009,45930
42011,55936
42013,43981
42015,48987
42017,77568
42019,60934
42021,42107
42023,39897
42025,49973
42027,52186
42029,85976
42031,42536
42033,42257
42035,45078
42037,45374
42039,44579
42041,61820
42043,53754
42045,65123
42047,46671
42049,45971
42051,39636
42053,35533
42055,53916
42057,48311
42059,46661
42061,44396
42063,45195
42065,42903
42067,47398
42069,46271
42071,57721
42073,44571
42075,55499
42077,56117
42079,45897
42081,47313
42083,43965
42085,44156
42087,41288
42089,57365
42091,80675
42093,54648
42095,60972
42097,42406
42099,57177
42101,38253
42103,60180
42105,40654
42107,45535
42109,49917
42111,44587
42113,44189
42115,50477
42117,46494
42119,49803
42121,43644
42123,44020
42125,56450
42127,49919
42129,52247
42131,51004
42133,58269
44001,72458
44003,64383
44005,69526
44007,49743
44009,72807
45001,34799
45003,45759
45005,25327
45007,42143
45009,31314
45011,34336
45013,57048
45015,52506
45017,43531
45019,53437
45021,35389
45023,31914
45025,32083
45027,33162
45029,32804
45031,35409
45033,28938
45035,54901
45037,46637
45039,36004
45041,42080
45043,42835
45045,50540
45047,37060
45049,31410
45051,43299
45053,37141
45055,43622
45057,44016
45059,38515
45061,30954
45063,53857
45065,38712
45067,29874
45069,30767
45071,40127
45073,41237
45075,34218
45077,41459
45079,49131
45081,38827
45083,43907
45085,41332
45087,34033
45089,28297
45091,54117
46003,48750
46005,46267
46007,42171
46009,45254
46011,50082
46013,53100
46015,49531
46017,31163
46019,41920
46021,45170
46023,43109
46025,49600
46027,36608
46029,48912
46031,31676
46033,52218
46035,49991
46037,39216
46039,53152
46041,37206
46043,52500
46045,56000
46047,45997
46049,43679
46051,51272
46053,37540
46055,41518
46057,58602
46059,47163
46061,60741
46063,52396
46065,59177
46067,45075
46069,51776
46071,45074
46073,53125
46075,35972
46077,53828
46079,54535
46081,45548
46083,76094
46085,43030
46087,56954
46089,36375
46091,51788
46093,52473
46095,30938
46097,44938
46099,53525
46101,52446
46102,26369
46103,50890
46105,39773
46107,46081
46109,48614
46111,50541
46115,48217
46117,56829
46119,60417
46121,31128
46123,37153
46125,53378
46127,64471
46129,43221
46135,48176
46137,35119
47105,51107
47107,38535
47109,32557
47111,33509
47113,42544
47115,41348
47117,42661
47119,47692
47121,34424
47123,35291
47125,50344
47127,49427
47129,39049
47131,40281
47133,35287
47135,31425
47137,36773
47139,38925
47141,35343
47143,36146
47145,40854
47147,53151
47149,56219
47151,30246
47153,45408
47155,42258
47157,46224
47159,43914
47161,42023
47163,40346
47165,57382
47167,53669
47169,41029
47171,33210
47173,37351
47175,40439
47177,35376
47179,42817
47181,30701
47183,37037
47185,34901
47187,96565
47189,61070
47001,42880
47003,41984
47005,33240
47007,37013
47009,48286
47011,42114
47013,32028
47015,41533
47017,35508
47019,33213
47021,51857
47023,40167
47025,34899
47027,28804
47029,31187
47031,41590
47033,35464
47035,38576
47037,48368
47039,37263
47041,38319
47043,44680
47045,42468
47047,54890
47049,30259
47051,42773
47053,38457
47055,41093
47057,35391
47059,35196
47061,27373
47063,37617
47065,48248
47067,26898
47069,31801
47071,35290
47073,36927
47075,34182
47077,38745
47079,38234
47081,36334
47083,39401
47085,41949
47087,31534
47089,42417
47091,30763
47093,48701
47095,30086
47097,30281
47099,37814
47101,36621
47103,40389
48001,41327
48003,70423
48005,44223
48007,41690
48009,60275
48011,59737
48013,52192
48015,53687
48017,37397
48019,49863
48021,54821
48023,36373
48025,42302
48027,50550
48029,51150
48031,55504
48033,73750
48035,44674
48037,42670
48039,69749
48041,39808
48043,38395
48045,38603
48047,22741
48049,41962
48051,51821
48053,49732
48055,47233
48057,51078
48059,40981
48061,33266
48063,37851
48065,66023
48067,37352
48069,39459
48071,70544
48073,39595
48075,36633
48077,48297
48079,39113
48081,42467
48083,35156
48085,84735
48087,39743
48089,46618
48091,65833
48093,37470
48095,48368
48097,52406
48099,49340
48101,34955
48103,58333
48105,53678
48107,37434
48109,35000
48111,41345
48113,50270
48115,41095
48117,43373
48119,42432
48121,75050
48123,49736
48125,39700
48127,36825
48129,36681
48131,33939
48133,34888
48135,57150
48137,41813
48139,62465
48141,41637
48143,41416
48145,36079
48147,44071
48149,47808
48151,41406
48153,41026
48155,36477
48157,89152
48159,41537
48161,44301
48163,36404
48165,57635
48167,62313
48169,48508
48171,54859
48173,67303
48175,51226
48177,42983
48179,43288
48181,47952
48183,47639
48185,46195
48187,62420
48189,43375
48191,30950
48193,42432
48195,44219
48197,37174
48199,52614
48201,54457
48203,45974
48205,63004
48207,39850
48209,58583
48211,62813
48213,41607
48215,34782
48217,41382
48219,50665
48221,56100
48223,44396
48225,32698
48227,49575
48229,26384
48231,45197
48233,49353
48235,58500
48237,50324
48239,54926
48241,40820
48243,50165
48245,43540
48247,35521
48249,42986
48251,58135
48253,43897
48255,45502
48257,60391
48259,73240
48261,36438
48263,47024
48265,43810
48267,40125
48269,63250
48271,38281
48273,38247
48275,40493
48277,40748
48279,39851
48281,49630
48283,37292
48285,48677
48287,53902
48289,49802
48291,48729
48293,37554
48295,63125
48297,50400
48299,48259
48301,NA
48303,46075
48305,39526
48307,40561
48309,42687
48311,46250
48313,39390
48315,34175
48317,55682
48319,37654
48321,40797
48323,33747
48325,57338
48327,34464
48329,68806
48331,38929
48333,43920
48335,49870
48337,46172
48339,68838
48341,49802
48343,39453
48345,31683
48347,39538
48349,41505
48351,38144
48353,37102
48355,50337
48357,51517
48359,50893
48361,49763
48363,39516
48365,50119
48367,67288
48369,45326
48371,50305
48373,39662
48375,38159
48377,32132
48379,48448
48381,60972
48383,52181
48385,36523
48387,31563
48389,43540
48391,44240
48393,63889
48395,46501
48397,87524
48399,41526
48401,46173
48403,31307
48405,28275
48407,43029
48409,52261
48411,39040
48413,55543
48415,56842
48417,48750
48419,37756
48421,51987
48423,46929
48425,51912
48427,26172
48429,43951
48431,53456
48433,42155
48435,51667
48437,37040
48439,58711
48441,45396
48443,31111
48445,37475
48447,41042
48449,44178
48451,46711
48453,61451
48455,34295
48457,41360
48459,46673
48461,46131
48463,38568
48465,42174
48467,44002
48469,51758
48471,37666
48473,51348
48475,51345
48477,51269
48479,38862
48481,45176
48483,52221
48485,45543
48487,41630
48489,26495
48491,73750
48493,68100
48495,55756
48497,56897
48499,45686
48501,56153
48503,44693
48505,32162
48507,26672
49047,66815
49049,62180
49051,66486
49053,50774
49055,40645
49057,56581
49001,50282
49003,55038
49005,50497
49007,46900
49009,56750
49011,71112
49013,61133
49015,49787
49017,42614
49019,41312
49021,43855
49023,54761
49025,50194
49027,51593
49029,74314
49031,35980
49033,50781
49035,62117
49037,41484
49039,50323
49041,46291
49043,91773
49045,63552
50001,59688
50003,49573
50005,45323
50007,65350
50009,36599
50011,58199
50013,62608
50015,50939
50017,53869
50019,42831
50021,49372
50023,58788
50025,51045
50027,52965
51001,39412
51003,68449
51005,45007
51007,56850
51009,47558
51011,48823
51013,105763
51015,54558
51017,43646
51019,56316
51021,45294
51023,60454
51025,36919
51027,29679
51029,40331
51031,47699
51033,59227
51035,35000
51036,49563
51037,35079
51041,72609
51043,71295
51045,44330
51047,66697
51049,39301
51051,33624
51053,51397
51057,42760
51059,112552
51061,91609
51063,48005
51065,63938
51067,46870
51069,69098
51071,46390
51073,61121
51075,79330
51077,29942
51079,61550
51081,38012
51083,35240
51085,78645
51087,61934
51089,35293
51091,43914
51093,65741
51095,75710
51097,48292
51099,81688
51101,62031
51103,50374
51105,31086
51107,123453
51109,57829
51111,39506
51113,47736
51115,63845
51117,37356
51119,54654
51121,46663
51125,47118
51127,73041
51131,35055
51133,51885
51135,36284
51137,65166
51139,43895
51141,33982
51143,41824
51145,77896
51147,41697
51149,61857
51153,98657
51155,47495
51157,57210
51159,47288
51161,60519
51163,48901
51165,53744
51167,35045
51169,37240
51171,49406
51173,37983
51175,48962
51177,78125
51179,97144
51181,53673
51183,39194
51185,37664
51187,61454
51191,43310
51193,47911
51195,37407
51197,41360
51199,81749
51510,89134
51520,35368
51530,29097
51540,49775
51550,68620
51570,50304
51580,34746
51590,32315
51595,28601
51600,105297
51610,120522
51620,32399
51630,51762
51640,30604
51650,49190
51660,38750
51670,39064
51678,34017
51680,39589
51683,72890
51685,73528
51690,29587
51700,50077
51710,44480
51720,27731
51730,31798
51735,83735
51740,45676
51750,29912
51760,40758
51770,39930
51775,50068
51790,40842
51800,65499
51810,66634
51820,45643
51830,48639
51840,45363
53001,46564
53003,44394
53005,60251
53007,51837
53009,47253
53011,60756
53013,38581
53015,47452
53017,53636
53019,38125
53021,56980
53023,45855
53025,48714
53027,43538
53029,58815
53031,49279
53033,75302
53035,62941
53037,46458
53039,48319
53041,44100
53043,46069
53045,50406
53047,40730
53049,37684
53051,40599
53053,59953
53055,55960
53057,54129
53059,52374
53061,70722
53063,50079
53065,41978
53067,61677
53069,44485
53071,47946
53073,53145
53075,36631
53077,44749
54001,37066
54003,55239
54005,39958
54007,32750
54009,46215
54011,38344
54013,35568
54015,31325
54017,39974
54019,36293
54021,37536
54023,39088
54025,39746
54027,27995
54029,39959
54031,40303
54033,43987
54035,41314
54037,66677
54039,45882
54041,37849
54043,35800
54045,36763
54047,24921
54049,43165
54051,45182
54053,36448
54055,36195
54057,31790
54059,33221
54061,45467
54063,36918
54065,39324
54067,39171
54069,40569
54071,36953
54073,44288
54075,36827
54077,45064
54079,56774
54081,41032
54083,39457
54085,37636
54087,31813
54089,36651
54091,43970
54093,40533
54095,38854
54097,40330
54099,36318
54101,29086
54103,39096
54105,39352
54107,41884
54109,33730
55001,43640
55003,39381
55005,45714
55007,46665
55009,53527
55011,50196
55013,41135
55015,67427
55017,52109
55019,45048
55021,59769
55023,44459
55025,62865
55027,53783
55029,51928
55031,47095
55033,49788
55035,49513
55037,48643
55039,55473
55041,40636
55043,49067
55045,56219
55047,46780
55049,55188
55051,42543
55053,47851
55055,56877
55057,44961
55059,54918
55061,56863
55063,50539
55065,51445
55067,41775
55069,49721
55071,48398
55073,54083
55075,43425
55077,46242
55078,35343
55079,43873
55081,50694
55083,52765
55085,46516
55087,58765
55089,76433
55091,49516
55093,61611
55095,50714
55097,51613
55099,43137
55101,55584
55103,44810
55105,50324
55107,39194
55109,70886
55111,51055
55113,41665
55115,47861
55117,53713
55119,45420
55121,51077
55123,47675
55125,41061
55127,53445
55129,42368
55131,69237
55133,76545
55135,51994
55137,45166
55139,52018
55141,48961
56001,42834
56003,51679
56005,80060
56007,56825
56009,62307
56011,60445
56013,52773
56015,42689
56017,45278
56019,54065
56021,60706
56023,66647
56025,56871
56027,40398
56029,56363
56031,38500
56033,55455
56035,81772
56037,69022
56039,75325
56041,56569
56043,47652
56045,57738
11001,70848
