fips,perc_foreign_born
39001,0.004711466931170073
39003,0.012443438914027148
39005,0.01925210099832672
39007,0.013650440482275475
39009,0.04347893003355188
39011,0.011313844745274998
39013,0.010681426106958021
39015,0.0058987049969489455
39017,0.05233828495348126
39019,0.00927329783858115
39021,0.0070063209199603994
39023,0.02107040277138284
39025,0.02286741393514242
39027,0.010407715076864318
39029,0.009501165237246078
39031,0.005255418799695022
39033,0.009432416617905207
39035,0.07052230505490469
39037,0.009645503858201543
39039,0.01761100623238253
39041,0.060916881029805914
39043,0.016679581303108707
39045,0.027797896882879983
39047,0.015363759602349751
39049,0.09753068242853653
39051,0.01645286571731199
39053,0.01168002617372812
39055,0.027323859641647314
39057,0.0485041902163321
39059,0.00921112400948872
39061,0.04989219019291365
39063,0.028663095932544944
39065,0.013139652130073103
39067,0.004029936672423719
39069,0.014206674995538104
39071,0.007458883483900857
39073,0.008853842429273017
39075,0.009324062989225527
39077,0.028182635695742912
39079,0.009526998234613745
39081,0.012651903663321236
39083,0.013966297291980853
39085,0.05728805728805729
39087,0.004512591586200204
39089,0.018963442466492387
39091,0.01378506727640489
39093,0.02765939198817755
39095,0.034229509399189936
39097,0.0156710235640648
39099,0.028940524408441696
39101,0.013466175333242346
39103,0.027735355857942814
39105,0.0037489881992076
39107,0.00827154149230355
39109,0.016229218389250073
39111,0.001374853921770812
39113,0.04129173434651709
39115,0.005364447126668008
39117,0.004886272716881929
39119,0.011137462797619048
39121,0.007168458781362007
39123,0.008405811185073612
39125,0.013253326376206626
39127,0.004968771686328938
39129,0.007307794390869681
39131,0.005810677560219749
39133,0.037326201226705866
39135,0.010532124178302385
39137,0.01079452375380295
39139,0.014373078684021191
39141,0.00910336979853622
39143,0.013674049213285262
39145,0.010292628529679429
39147,0.011478839242611168
39149,0.017058308027798723
39151,0.020358473407844174
39153,0.04598530581511017
39155,0.015811176849684794
39157,0.01325824999730304
39159,0.03256031419487563
39161,0.006159014557670772
39163,0.0018135106543750944
39165,0.058545080849051453
39167,0.013561311144072632
39169,0.01984900884971093
39171,0.013427486224790027
39173,0.03379757147844978
39175,0.009658610406373792
1007,0.011104229339939833
1009,0.0414659504418645
1011,0.05366173440719236
1013,0.007074776456716125
1015,0.02560695425553803
1017,0.01059303383315238
1019,0.010035373731159643
1021,0.0532417444487551
1023,0.0015677491601343784
1025,0.0050259274032708415
1027,0.021422767230553297
1029,0.015397946940407945
1031,0.04241018787831145
1033,0.018606274336933362
1035,0.010182666148464827
1037,0.017865239865783984
1039,0.010742754579528058
1041,0.023532788061414837
1043,0.024652627678626568
1045,0.03240685035896202
1047,0.007875883664658159
1049,0.07601170709742781
1051,0.02104924284635291
1053,0.005667589297482536
1055,0.026945242179519303
1057,0.004498106060606061
1059,0.08819624454700639
1061,0.027223568898004848
1063,0.0021846613774864896
1065,0.00957000524383849
1067,0.014491073498724786
1069,0.02387621457685398
1071,0.022701475595913734
1073,0.04015623055843017
1075,0.008278497134366377
1077,0.018579423531060957
1079,0.006758768534508426
1081,0.05501980368520751
1083,0.0471595067845279
1085,0.002978961087320797
1087,0.013288040763313018
1089,0.053940387601821974
1091,0.011031222298827933
1093,0.01694803698950209
1095,0.07699484721898259
1097,0.03089672686366478
1099,0.0024755817617140028
1101,0.04309672215939475
1103,0.04673334112500626
1105,0.005379557680812911
1107,0.010979049153908139
1109,0.032091690544412604
1111,0.0179706817379018
1113,0.024939110150595176
1115,0.018075095499860243
1117,0.055593769960202426
1119,0.014691552357394498
1121,0.015619435882952466
1123,0.015381624668918426
1125,0.035109599018248214
1127,0.013394414695933134
1129,0.007177737247749603
1131,0
1133,0.012225445503522586
1001,0.015591894388004563
1003,0.03527042194330697
1005,0.02736521609980692
2013,0.451271186440678
2016,0.35397607318789587
2020,0.09963992818623436
2050,0.01845184518451845
2060,0.01958762886597938
2068,0.06747572815533981
2070,0.016670014059048003
2090,0.05081991876034301
2100,0.070703125
2105,0.05357142857142857
2110,0.07844824936214688
2122,0.027909333985774453
2130,0.07803489305788744
2150,0.17025692406784512
2158,0.008718726307808946
2164,0.03595658073270014
2170,0.03844954147518143
2180,0.017150395778364115
2185,0.0647563877107686
2188,0.009441282979824108
2195,0.060850667494566905
2198,0.01584065244667503
2220,0.08442357150844236
2230,0.0970970970970971
2240,0.10442452695973822
2261,0.044400540709160864
2275,0.0469208211143695
2282,0.06220839813374806
2290,0.011162296243798725
4001,0.019535799456491598
4003,0.11416384490192599
4005,0.05435219932553529
4007,0.04335559108436001
4009,0.04793220520223487
4011,0.046436883519893606
4012,0.12721908040324564
4013,0.1481415668879878
4015,0.07283563300911675
4017,0.026584677119714645
4019,0.12925610167675308
4021,0.1014003058198126
4023,0.3360100269793725
4025,0.0674040260004815
4027,0.26290353569440406
5001,0.020180449522182477
5003,0.023882424984690752
5005,0.02387914230019493
5007,0.11411514790216543
5009,0.011926827302764122
5011,0.06505443512404069
5013,0.006101048617731172
5015,0.08225076895241541
5017,0.028891042015326347
5019,0.027427365830073405
5021,0.013051948051948052
5023,0.013885107541519195
5025,0.016333725029377202
5027,0.03198092654252477
5029,0.021127427759355756
5031,0.03752132453726987
5033,0.041977068083176784
5035,0.016537727318396464
5037,0.006240338924829679
5039,0.027961362480935434
5041,0.02738508764843687
5043,0.016435432230522944
5045,0.02923506196425429
5047,0.012369864547184596
5049,0.015379581151832461
5051,0.0315304164861687
5053,0.014567408884457738
5055,0.009727536766400811
5057,0.06469376790830945
5059,0.010985712570536679
5061,0.056805606787163405
5063,0.035667893483437976
5065,0.02344213649851632
5067,0.0072739671534920725
5069,0.016927720672214066
5071,0.07643655996914771
5073,0.007152682255845942
5075,0.0071642492219155555
5077,0.011037527593818985
5079,0.014649409756791352
5081,0.011477987421383647
5083,0.01840825417026499
5085,0.020837164561259565
5087,0.032607311170551524
5089,0.014157248754405152
5091,0.008934298543022084
5093,0.018388908701854494
5095,0.01348372876960975
5097,0.023485919321517886
5099,0.015580575457750483
5101,0.010432190760059613
5103,0.008105733908321354
5105,0.008349514563106796
5107,0.00769947525869256
5109,0.042031207720754034
5111,0.00896323833126807
5113,0.031673541543901
5115,0.0441667992996976
5117,0.0030945013092120925
5119,0.05211761421696806
5121,0.005820853348403504
5123,0.02461144633388188
5125,0.025071815730060704
5127,0.04783808647654094
5129,0.008286252354048965
5131,0.09840264628004368
5133,0.17060458651841556
5135,0.006684256816182938
5137,0.003117007672634271
5139,0.020795904806438118
5141,0.02276202799670627
5143,0.11405891919863975
5145,0.02368421052631579
5147,0.006301016754976371
5149,0.11055644607281886
6001,0.313576864862273
6003,0.03359858532272325
6005,0.05530477091498851
6007,0.07620729318308442
6009,0.05191323966314473
6011,0.24513927836978874
6013,0.2394249261907108
6015,0.05865841370375702
6017,0.09431993541761627
6019,0.2140028366896647
6021,0.17938563630525528
6023,0.05754846927440496
6025,0.3257858882416978
6027,0.10123550862678932
6029,0.20342806583069203
6031,0.18607531225579146
6033,0.08976277315377662
6035,0.06586000918976873
6037,0.34723941732477365
6039,0.21621939198495957
6041,0.18213347061533042
6043,0.06504019337793018
6045,0.1272046056839989
6047,0.2548648085340205
6049,0.06162891986062718
6051,0.16711437862293227
6053,0.3010589556088236
6055,0.2300723475533697
6057,0.06249365932839606
6059,0.30510941830877303
6061,0.10512449492191765
6063,0.04455341136771064
6065,0.2200974573025963
6067,0.2044211069208477
6069,0.20331149990444256
6071,0.2127762058728194
6073,0.23534111301680125
6075,0.35136774572620344
6077,0.2332355755524632
6079,0.10549441806471212
6081,0.34552997004264546
6083,0.230120454284731
6085,0.37688696137192484
6087,0.18362064483544888
6089,0.049010293838226915
6091,0.037073816617014234
6093,0.04891217678551088
6095,0.20080422216637345
6097,0.16603444305745763
6099,0.20630035629836527
6101,0.2247104895692253
6103,0.08381365594122119
6105,0.05466237942122187
6107,0.22534485378816077
6109,0.045452023890974316
6111,0.22803457999388702
6113,0.2206010032799537
6115,0.11973528330405654
8001,0.15057108780448467
8003,0.07148564755055627
8005,0.14789169995561474
8007,0.0527353376047314
8009,0.025668738178870575
8011,0.06988973706530958
8013,0.1066954378902823
8014,0.09524044877180843
8015,0.02632585067453165
8017,0.05344655344655345
8019,0.03601138353765324
8021,0.03224633288883501
8023,0.07288466908684725
8025,0.03855161232210413
8027,0.019753660237043922
8029,0.04084199377771894
8031,0.1606547485276778
8033,0.010741138560687433
8035,0.06968342595789871
8037,0.1904290931223372
8039,0.04133305386711381
8041,0.07145692371577225
8043,0.03341237796150313
8045,0.14680426098535287
8047,0.03479036574487065
8049,0.07064048296440219
8051,0.03897514535812408
8053,0.010297482837528604
8055,0.029529375576745617
8057,0.04044943820224719
8059,0.06506271454021408
8061,0.019822282980177717
8063,0.07907268170426066
8065,0.10757946210268948
8067,0.03781354593659509
8069,0.052047752076348014
8071,0.042336068399641456
8073,0.059693318729463304
8075,0.07041225829989055
8077,0.035546626621751426
8079,0.009549795361527967
8081,0.06030342303880461
8083,0.027509727626459143
8085,0.07183633468087713
8087,0.12715540040198878
8089,0.05470600904587551
8091,0.026637554585152837
8093,0.04274507381555377
8095,0.08968199496682681
8097,0.11756601607347876
8099,0.10968532897425419
8101,0.03917805335595193
8103,0.04529201430274136
8105,0.07066836951894423
8107,0.05803609251885114
8109,0.11542160949022122
8111,0.019801980198019802
8113,0.07204273058884836
8115,0.03763213530655391
8117,0.11782999308914996
8119,0.026778063410454155
8121,0.032116788321167884
8123,0.08229623396371259
8125,0.10319096710849288
9001,0.20860164492336564
9003,0.15139089105996703
9005,0.07291308828581243
9007,0.07465867465867466
9009,0.11978325817884912
9011,0.0826143455899848
9013,0.06786532234711876
9015,0.05289861241167958
10001,0.054463184845642415
10003,0.10321790689593063
10005,0.06848945017414207
12001,0.10263238637704647
12003,0.015035931453841902
12005,0.04842232525249069
12007,0.022260588472982405
12009,0.08661087337041246
12011,0.32200599842009775
12013,0.035443037974683546
12015,0.10498060717926445
12017,0.053267360763028626
12019,0.0704853178804257
12021,0.23219023662307126
12023,0.03754829956051087
12027,0.17535829733672798
12029,0.030886831147846624
12031,0.09712992310309171
12033,0.05109246001821583
12035,0.12391970868102756
12037,0.03070175438596491
12039,0.05921506117525418
12041,0.0323093220338983
12043,0.12326702833031947
12045,0.025974025974025976
12047,0.04036123654046544
12049,0.1672491626620067
12051,0.25626254463936604
12053,0.0654428547729236
12055,0.10272760556504759
12057,0.15842699733821278
12059,0.023325693913929208
12061,0.10157070261643777
12063,0.031165644171779142
12065,0.025637413720242287
12067,0.0641972503124645
12069,0.08007766590138492
12071,0.15468715862432666
12073,0.07021630027567682
12075,0.03648828507571382
12077,0.049789029535864976
12079,0.03363767419509851
12081,0.12372537667755702
12083,0.07453141376023942
12085,0.10078107476943782
12086,0.5165370615549127
12087,0.17703324066876588
12089,0.027991565629942015
12091,0.06581459344455022
12093,0.12821296650108266
12095,0.19740545255276684
12097,0.1984511583075747
12099,0.23365651150343122
12101,0.09447138255078366
12103,0.1159008757060024
12105,0.0992889467603674
12107,0.04280840761527457
12109,0.06757405164018147
12111,0.15283709367165962
12113,0.04316828239794809
12115,0.12303654237599417
12117,0.11965811965811966
12119,0.05689348485267417
12121,0.05762128684482165
12123,0.026361031518624643
12125,0.024224869988809163
12127,0.07488500533035283
12129,0.026150089951169367
12131,0.05875233244238237
12133,0.022412603028949613
13001,0.03708530162350003
13003,0.13383168555582348
13005,0.06032792728568882
13007,0.020048602673147023
13009,0.025723332241511083
13011,0.03893979057591623
13013,0.0710576015108593
13015,0.045551432857030075
13017,0.023745494077930994
13019,0.024817287975182713
13021,0.03655952873088053
13023,0.019221716616977875
13025,0.006503360069369174
13027,0.03242309905992198
13029,0.047208229012699464
13031,0.03870914265189401
13033,0.020515495284043988
13035,0.027681808487950522
13037,0.048697796270611805
13039,0.03030420837787929
13043,0.053938899465143686
13045,0.040907677960833076
13047,0.022898661567877628
13049,0.09520182787509521
13051,0.06741737978445343
13053,0.0681551116333725
13055,0.03062477714829048
13057,0.0908455192437064
13059,0.10024399321781564
13061,0.017074742268041235
13063,0.1494008995861305
13065,0.01884847592401708
13067,0.15591691662043045
13069,0.05378694509685371
13071,0.10826959847036328
13073,0.06549734222196117
13075,0.031174778371396702
13077,0.057309468129759546
13079,0.013956455857723902
13081,0.02127477052414858
13083,0.024019458802067496
13085,0.03854805274996692
13087,0.02721162977573234
13089,0.1641964399139504
13091,0.023135033050047216
13093,0.04386762750996991
13095,0.022773550530489767
13097,0.08228098447113975
13099,0.009358162397202004
13101,0.13537549407114624
13103,0.021197144426139482
13105,0.026001945027383937
13107,0.010162333377326119
13109,0.05252450527094507
13111,0.016005391289697583
13113,0.09324007178684827
13115,0.0652497166446568
13117,0.14392873886544771
13119,0.030257801899592943
13121,0.1239207523505874
13123,0.062393192201722875
13125,0.007774538386783284
13127,0.05509951922488776
13129,0.09415090626062374
13131,0.057837816424355266
13133,0.04868042373400282
13135,0.24622047079142584
13137,0.0900360695660165
13139,0.15702760808020605
13141,0.026010584393649363
13143,0.01603360756170138
13145,0.02215035391750061
13147,0.022158600674562712
13149,0.0019798571059653955
13151,0.0743503914671508
13153,0.058385850782679403
13155,0.007865646258503401
13157,0.042917616411592314
13159,0.03259030383285515
13161,0.05830553702468312
13163,0.021192133870770735
13165,0.04113427482627214
13167,0.009393506228303043
13169,0.009186443037093744
13171,0.023407309263553052
13173,0.021532250312409882
13175,0.02389007225493881
13177,0.03786360809783735
13179,0.06026976267713847
13181,0.015284974093264249
13183,0.07390884977091873
13185,0.04038762223615982
13187,0.03667410497719996
13189,0.0184876285793717
13191,0.018704933247661884
13193,0.031470274118903525
13195,0.03726268064607537
13197,0.04668726398901476
13199,0.011644832605531296
13201,0.0015161725067385444
13205,0.021495083108519712
13207,0.01742522756827048
13209,0.04404549509366637
13211,0.021284916201117318
13213,0.07771376361006066
13215,0.0544424195521382
13217,0.05781090165132252
13219,0.05421511627906977
13221,0.01661220043572985
13223,0.047795115332428764
13225,0.05947722070442295
13227,0.03355749831876261
13229,0.025404035069187706
13231,0.010779249943858073
13233,0.0766468518743176
13235,0.02251941328731665
13237,0.06899797618487316
13239,0.006878761822871883
13241,0.06848641337759745
13243,0.02706766917293233
13245,0.036206288408324266
13247,0.10042462112058549
13249,0.016554986204178165
13251,0.008517527805152752
13253,0.014026684912760863
13255,0.032220186933446054
13257,0.023809523809523808
13259,0.25835037491479207
13261,0.02946323459225556
13263,0.008628659476117103
13265,0.01452643811737362
13267,0.04276341791162754
13269,0.01071301035591001
13271,0.12286793372319688
13273,0.0065125366330185605
13275,0.02623594502944851
13277,0.05989653566087234
13279,0.05505328923190004
13281,0.03342592592592593
13283,0.01168293404318249
13285,0.04226988252719009
13287,0.04257615735188294
13289,0.0015277941003643202
13291,0.023613348676639816
13293,0.012175814234016888
13295,0.01156915867320788
13297,0.04118281690467628
13299,0.0352434006102511
13301,0.019960438770005393
13303,0.01578061101756074
13305,0.030819410237635625
13307,0.001838235294117647
13309,0.01558572146807441
13311,0.024612284552552984
13313,0.1827056913083823
13315,0.02218011591618368
13317,0.032429186267640873
13319,0.014276582143618155
13321,0.019096237474002648
15001,0.11178596421595764
15003,0.19068603443686
15005,0.16470588235294117
15007,0.16468410555164942
15009,0.1787483759472346
16001,0.06364056613038052
16003,0.015721649484536082
16005,0.036924070618630685
16007,0.02492002020542179
16009,0.012764084507042254
16011,0.07051776157861123
16013,0.13928387066497724
16015,0.023674655047204066
16017,0.01957823990649199
16019,0.05302074442424017
16021,0.023994161116686435
16023,0.03769317753486619
16025,0.05608365019011407
16027,0.08411379391818863
16029,0.028789659224441832
16031,0.11254225683597929
16033,0.27746947835738067
16035,0.01974299065420561
16037,0.020784128483703354
16039,0.10376313276026743
16041,0.038485364720458416
16043,0.04418694476631904
16045,0.035921343613651305
16047,0.15184139696711088
16049,0.012690044139283962
16051,0.0452000597193192
16053,0.16876351918068247
16055,0.02151731174937606
16057,0.049636140744411694
16059,0.016944801026957636
16061,0.02465897166841553
16063,0.13307984790874525
16065,0.0451524422407427
16067,0.13092361556289758
16069,0.014304029764448578
16071,0.019081272084805655
16073,0.10568461809222104
16075,0.05599118942731277
16077,0.10580778683223387
16079,0.01925065627237292
16081,0.10491006319883325
16083,0.0803834808259587
16085,0.004526748971193415
16087,0.057256857855361595
17059,0.004828226555246054
17061,0.005480669530439935
17063,0.03731328440439963
17065,2.403268445085316e-4
17067,0.013822179528231402
17069,0.006859035004730369
17071,0.009940357852882704
17073,0.021710803279674437
17075,0.03159742539496782
17077,0.06288843350018476
17079,0.014945511157239232
17081,0.016512001658976618
17083,0.012154696132596685
17085,0.02897709514667143
17087,0.012939434094629356
17089,0.18624615630822694
17091,0.04987480061664038
17093,0.08960645139791396
17095,0.02552195271722444
17097,0.18478925818539815
17099,0.03410938096803134
17101,0.028982898289828984
17103,0.026864989864961317
17105,0.016238159675236806
17107,0.01632394178127921
17109,0.03892655190727608
17111,0.09705651733977101
17113,0.06432177640167751
17115,0.022006905204546078
17117,0.006532320040987106
17119,0.022830981911758107
17121,0.010526315789473684
17123,0.019222870286700073
17125,0.008919722497522299
17127,0.01005594033031433
17129,0.005867893109190389
17131,0.008753957906500279
17133,0.014699305286383017
17135,0.011959929126345917
17137,0.019471092259956163
17139,0.011790714812085483
17141,0.056587209191365916
17143,0.0541600752490487
17145,0.01572673085740486
17147,0.006850560775992725
17149,0.0063800792864222005
17151,0.010159316555068113
17153,0.010730710270822688
17155,0.02576434215046376
17157,0.012216879857268137
17159,0.01283561728777826
17161,0.0795387364858896
17163,0.026615086750877245
17165,0.01210507202517855
17167,0.03159042489046107
17169,0.013130898645876077
17171,0.004424778761061947
17173,0.004160072349084332
17175,0.008363201911589008
17177,0.019796246648793564
17179,0.019794100090643123
17181,0.02797561392513247
17001,0.013878743608473338
17003,0.008283541553503531
17005,0.024143707040951885
17007,0.11370262390670553
17009,0.028138212567429655
17011,0.03787190385460941
17013,0.009001800360072015
17015,0.03416856492027335
17017,0.10879734419797797
17019,0.11779885889797148
17021,0.010116959064327486
17023,0.013490933844916146
17025,0.010455013989103226
17027,0.01642542645469166
17029,0.021249316514885836
17031,0.21167987200349553
17033,0.013868276956143493
17035,0.012976331901672302
17037,0.06688389477215008
17039,0.014217720283134
17041,0.03929183899929386
17043,0.18721813562163858
17045,0.0076700755891507336
17047,0.0031583696796510753
17049,0.012612140277292322
17051,0.008673653776653415
17053,0.010191543187567762
17055,0.009346500730589007
17057,0.022437573988932633
17183,0.021774835755524587
17185,0.021627188465499485
17187,0.06276481554714423
17189,0.009753060800996057
17191,0.009725158562367865
17193,0.013620022123893806
17195,0.030543242068665797
17197,0.1205783668009269
17199,0.021245213867493035
17201,0.08029913338084761
17203,0.01145604255101519
18001,0.007880607355233531
18003,0.06374139159671265
18005,0.0847926731078905
18007,0.023651736745886654
18009,0.009458159666559794
18011,0.03579514468443754
18013,0.015055625874358804
18015,0.026931148196262616
18017,0.09273313234223932
18019,0.03340666719679098
18021,0.002585625421569362
18023,0.06167199634536318
18025,0.0035879520347464828
18027,0.023479682823732684
18029,0.013325550031200306
18031,0.021684451219512194
18033,0.013262974392800773
18035,0.021110495589551286
18037,0.04679482632238538
18039,0.08277150758651618
18041,0.005300130400033651
18043,0.02559947299077734
18045,0.013678351492183799
18047,0.007325049051667757
18049,0.029960539776879232
18051,0.009177854342402281
18053,0.01699663260566651
18055,0.004601554167301539
18057,0.07471134559306893
18059,0.014608568864961867
18061,0.010935508539383125
18063,0.04300192263825073
18065,0.0091767386969438
18067,0.02124086268350148
18069,0.015299894202859236
18071,0.044719468151181246
18073,0.025681655106433866
18075,0.01265584568336862
18077,0.015468523711213138
18079,0.008252409917120193
18081,0.03932163822994267
18083,0.01011507540328937
18085,0.04013695292563764
18087,0.019982144732696144
18089,0.0684444137055631
18091,0.03182961897915169
18093,0.014384249356092024
18095,0.01723211544365981
18097,0.08325281890460795
18099,0.04524935053873345
18101,0.0045800038978756575
18103,0.010079810002485432
18105,0.082301058959018
18107,0.02910510321701771
18109,0.013183868132501476
18111,0.027530767589101515
18113,0.0417700752955033
18115,0
18117,0.012015209125475285
18119,0.006370328425821065
18121,0.010346641725609399
18123,0.009580714947975688
18125,0.002601087727595176
18127,0.03958095695503392
18129,0.005866937849571713
18131,0.006974783475128382
18133,0.015086321381142099
18135,0.010978277855914986
18137,0.01712568153222424
18139,0.009946442234123947
18141,0.06078294904320364
18143,0.014674347222806207
18145,0.020949123557075674
18147,0.017021480629075565
18149,0.019033611627806375
18151,0.018618495929027926
18153,0.009094784709393207
18155,0.014285714285714285
18157,0.11073654891905035
18159,0.013420663969691132
18161,0.006576243321002877
18163,0.026441631504922646
18165,0.00832282471626734
18167,0.03236413344663243
18169,0.011310958650101984
18171,0.0063344089876897335
18173,0.026838265431592755
18175,0.0051915503043322596
18177,0.02127722276250258
18179,0.014678370988631458
18181,0.03915860259143841
18183,0.008730873087308732
19001,0.011176945865876649
19003,0.006166495375128468
19005,0.04359886201991465
19007,0.007972215644486542
19009,0.005281990117566877
19011,0.006782157113513932
19013,0.04691462383770076
19015,0.00829514033559335
19017,0.013896246790822771
19019,0.012144013715591961
19021,0.1816452918515629
19023,0.005746358412401443
19025,0.005749445228969134
19027,0.009210334965340055
19029,0.012067696835908756
19031,0.009687074829931972
19033,0.019065798854672154
19035,0.011052054332236565
19037,0.016416203854949362
19039,0.04730603448275862
19041,0.021285601983431095
19043,0.01746602268898124
19045,0.021937351390468315
19047,0.1288546255506608
19049,0.07357261122683331
19051,0.0061770761839396015
19053,0.017335434598133106
19055,0.01096704175472668
19057,0.014972144846796657
19059,0.008369187245830141
19061,0.024805538756699268
19063,0.042049006756075424
19065,0.012433823886541358
19067,0.014579439252336448
19069,0.033940318428830205
19071,0.009850830284266816
19073,0.01264442991061696
19075,0.004271782058515354
19077,0.012756052141527002
19079,0.03693534680002615
19081,0.017850703209520376
19083,0.03081699534295406
19085,0.009331582221607798
19087,0.030029880478087648
19089,0.006846429323783442
19091,0.022327889187512922
19093,0.008768208174232782
19095,0.013093489965736662
19097,0.008226037195994278
19099,0.00988400588139193
19101,0.13771798129114216
19103,0.10089216558134198
19105,0.014688715953307393
19107,0.006899232338936935
19109,0.012238219895287958
19111,0.015748254120840285
19113,0.03241322008862629
19115,0.09156241682193239
19117,0.034703928530523426
19119,0.013818988313571612
19121,0.01578880081820506
19123,0.019512412930880515
19125,0.02604667949951877
19127,0.12265026121771398
19129,0.007401426456735298
19131,0.00613268909124698
19133,0.009463028169014084
19135,0.022869282679330166
19137,0.015671285236502627
19139,0.062451937641274206
19141,0.02724950326426341
19143,0.042022218644340685
19145,0.021008939974457217
19147,0.023892267593397045
19149,0.02514786947249829
19151,0.02497544548898555
19153,0.08674776565149248
19155,0.035316962226298904
19157,0.03170275327452553
19159,0.006915629322268326
19161,0.008712008712008713
19163,0.036724825582079366
19165,0.02084723148765844
19167,0.06172302877510215
19169,0.08870984976385357
19171,0.031237484981978373
19173,0.03396104941252213
19175,0.01709741550695825
19177,0.009822389666307859
19179,0.07781396007362311
19181,0.011989398847334989
19183,0.027887541445246855
19185,0.005795739348370927
19187,0.02466818608392546
19189,0.021763708309779535
19191,0.02097299367937177
19193,0.08927143275138984
19195,0.007404469126008198
19197,0.05001546072974644
20109,0.018976011457214465
20111,0.10103998565537027
20113,0.016682619991795433
20115,0.014808787632221317
20117,0.007296351824087956
20119,0.09148984713666439
20121,0.010034263338228096
20123,0.01667725540025413
20125,0.031388953896559796
20127,0.012
20129,0.11365099806825499
20131,0.010040358302982577
20133,0.01704926018388845
20135,0.04452388690282743
20137,0.024150268336314847
20139,0.007027363184079602
20141,0.014542570068746695
20143,0.010747354497354497
20145,0.02980755317609608
20147,0.01054353753862934
20149,0.025193370165745858
20151,0.030187904302289764
20153,0.03457760314341847
20155,0.02731899216335196
20157,0.0089471493965876
20159,0.03634911124425804
20161,0.07444482951667511
20163,0.014654839953721558
20165,0.011620603015075377
20167,0.009874069834001145
20169,0.0567686373015161
20171,0.07305194805194805
20173,0.08605232869194064
20175,0.3032568531408439
20177,0.04544946082598774
20179,0.021730541288028447
20181,0.013049223653782622
20183,0.00267379679144385
20185,0.06527777777777778
20187,0.1209865053513262
20189,0.18018018018018017
20191,0.007107200270750486
20193,0.018170347003154574
20195,0.010843781768891902
20197,0.005002143775903959
20199,0.018808777429467086
20201,0.02638058389025677
20203,0.15471869328493648
20205,0.015671559430526432
20207,0.0071628776082217375
20209,0.1532654254194495
20001,0.0064215274061616085
20003,0.0048125633232016215
20005,0.01064149582155955
20007,0.013836477987421384
20009,0.049271871236176504
20011,0.01674318120442884
20013,0.01082995951417004
20015,0.02590328632814864
20017,0.01763409257898604
20019,0.003125
20021,0.013697976326842306
20023,0.029082774049217
20025,0.05174825174825175
20027,0.014131338320864505
20029,0.02559160509690545
20031,0.011113738472452117
20033,0.02437810945273632
20035,0.03622605948058427
20037,0.03673926317932017
20039,0.00929432013769363
20041,0.015115802418528387
20043,0.00636213258684311
20045,0.06925465568380491
20047,0.12303577398863257
20049,0.017890421170331718
20051,0.03580174524885317
20053,0.016224648985959437
20055,0.21312579107532384
20057,0.27677594054272053
20059,0.014056614763328545
20061,0.07211786772501155
20063,0.012797074954296161
20065,0.019668337832626302
20067,0.18027123848515864
20069,0.09513602638087387
20071,0.0784313725490196
20073,0.004379790395745347
20075,0.17788089713843774
20077,0.016720696126940795
20079,0.049748815846131764
20081,0.19176755447941887
20083,0.05260443527591542
20085,0.00873134328358209
20087,0.005767806117049423
20089,0.01184990125082291
20091,0.08255088970985192
20093,0.11892712550607287
20095,0.01116816431322208
20097,0.043769716088328074
20099,0.010832383124287344
20101,0.016129032258064516
20103,0.03284032367341199
20105,0.016487000634115408
20107,0.0041981528127623844
21001,0.012889879057924889
21003,0.011692458855318104
21005,0.009098846560360278
21007,0.018410852713178296
21009,0.017518928363424578
21011,0.007513775254633495
21013,0.0043649373881932026
21015,0.05049872810290731
21017,0.049018138210163396
21019,0.010303166588302635
21021,0.023240778549067646
21023,0.008071216617210683
21025,0.004193951879920535
21027,0.0032401176411943574
21029,0.00982315718350853
21031,0.012699649396182315
21033,4.677997816934352e-4
21035,0.056500288668451165
21037,0.023930035528833014
21039,0.009630818619582664
21041,0.04044321329639889
21043,0.007062870526238747
21045,0.01241068070703272
21047,0.030259307703717687
21049,0.015200381411784503
21051,0.008309859154929577
21053,0.011091480172752258
21055,0.006180871828236825
21057,0.006463934185397385
21059,0.022582583806138142
21061,0.011317637339942172
21063,0.002071197411003236
21065,0.0019342359767891683
21067,0.0882597159964451
21069,0.0024752475247524753
21071,0.005925120960438821
21073,0.032604765157298404
21075,0.0054500155714730615
21077,0.03209991829111708
21079,0.015845900094250708
21081,0.013214430482367248
21083,0.03231827635859421
21085,0.006730510364985962
21087,0.011839626872365235
21089,0.007484168105929764
21091,0.004960203022263237
21093,0.04283495615136382
21095,0.006126760563380282
21097,0.016302016302016303
21099,0.010248901903367497
21101,0.013061470816449695
21103,0.014040763506955678
21105,0.006567796610169491
21107,0.009523195322240854
21109,0.003668488433031369
21111,0.06700237758481309
21113,0.04152757908122715
21115,0.004496788008565311
21117,0.024728999368125296
21119,0.0038125
21121,0.006884843912100349
21123,0.017315711357693123
21125,0.012786396880386939
21127,0.012135768914733582
21129,0.006602050849838461
21131,0.0015458761480403747
21133,0.006886063115204258
21135,0.002755620014503263
21137,0.003347212017307535
21139,0.00585480093676815
21141,0.01109828311794719
21143,0.013925255891454416
21145,0.02403375733855186
21147,0.006721848786178546
21149,0.01031578947368421
21151,0.021855122439945012
21153,0.003621234301564065
21155,0.018866967591418572
21157,0.009108110708444245
21159,0.00585860185258491
21161,0.005145698427382054
21163,0.017148944944669738
21165,0.017184297650953806
21167,0.022490863086870958
21169,0.008212318477716574
21171,0.021458430097538318
21173,0.011374093569404057
21175,0.006627941614536789
21177,0.003896643137755917
21179,0.011578852885737366
21181,0.005371024734982332
21183,0.015375025971327654
21185,0.03482081951869537
21187,0.005134908038465129
21189,0.0025996533795493936
21191,0.00296265674521152
21193,0.009343461360151207
21195,0.008039852445061009
21197,0.011167349562143488
21199,0.016641785181111025
21201,0
21203,0.0022429465234328886
21205,0.01253812267028126
21207,0.015167808025355141
21209,0.03218541990513771
21211,0.06732896816437119
21213,0.012031179394487121
21215,0.010240655401945725
21217,0.015684391629656305
21219,0.02603002235707442
21221,0.01263157894736842
21223,0.005009677786633269
21225,0.009380367287620558
21227,0.08949138293400588
21229,0.023173803526448364
21231,0.010796417332365044
21233,0.026652691472636072
21235,0.00709616136782701
21237,0
21239,0.0458585140419481
22001,0.014510239209819345
22003,0.03173118153822165
22005,0.029833185169690947
22007,0.01240404215639502
22009,0.010920776051607916
22011,0.024628368129292037
22013,0.0031480289046290333
22015,0.044958388369812724
22017,0.02134316288637131
22019,0.02517267608366048
22021,0.013313313313313313
22023,0.026096033402922755
22025,0.012686639992192836
22027,0.007272071638920608
22029,0.005036921120837205
22031,0.011644724643055814
22033,0.05154377206593357
22035,0.005465937874950006
22037,0.005691261646940318
22039,0.023335702440180052
22041,0.0021897810218978104
22043,0.032555227618281016
22045,0.03768021856149747
22047,0.006500346083240543
22049,0.009373642063442796
22051,0.12109163119524147
22053,0.007221479926194567
22055,0.042444060031663726
22057,0.032500974618872726
22059,0.02792133700248339
22061,0.04135251008469028
22063,0.01910428595958163
22065,0.005137707403352143
22067,0.0051828816822153114
22069,0.013424866514111365
22071,0.0591020815526971
22073,0.016139283169308398
22075,0.05652781897538031
22077,0.015290248022046404
22079,0.028731329173756853
22081,0.006449422946367957
22083,0.0029359387784569477
22085,0.015217749917518971
22087,0.05308227168789958
22089,0.036930792758221094
22091,0.008689221667591052
22093,0.007113163972286374
22095,0.03156631416861031
22097,0.009783167689234928
22099,0.017562022361932012
22101,0.047042532886734906
22103,0.03477938755350675
22105,0.021181645761280142
22107,0.004496219088493766
22109,0.03505348494793422
22111,0.020414503173123863
22113,0.027085095584503466
22115,0.03973244911959753
22117,0.015443766646619126
22119,0.008100056626535687
22121,0.015566095099112246
22123,0.009429020429544265
22125,0.005514109633473889
22127,0.0024234264557388085
23001,0.02862383954261451
23003,0.045968145132490534
23005,0.06097462943740192
23007,0.022926123281363068
23009,0.029510776098649785
23011,0.024093401149349363
23013,0.02829594944994084
23015,0.030770582035367137
23017,0.018686543250727085
23019,0.02640171536200525
23021,0.015504779668920493
23023,0.02388008662943121
23025,0.015607732128662
23027,0.024707512315270935
23029,0.03479233326084931
23031,0.03158021253793532
24001,0.02326340262953949
24003,0.08109962541420544
24005,0.11518435304796472
24009,0.027598375391171184
24011,0.04007838094363308
24013,0.03644203435178328
24015,0.029619458611220086
24017,0.05734056063998324
24019,0.03974303805249892
24021,0.09696610639963874
24023,0.01546305303055714
24025,0.053597680004498605
24027,0.1913782615129145
24029,0.03779551272398735
24031,0.32554116041612835
24033,0.21226434114083978
24035,0.035617283950617286
24037,0.04407283741127958
24039,0.05103926096997691
24041,0.057514749067435644
24043,0.05027132042607356
24045,0.08301871874444071
24047,0.04641006230711
24510,0.07696793658647869
25001,0.06787852825866292
25003,0.055620011137924634
25005,0.12312871881801062
25007,0.09678554669169404
25009,0.15371755412391716
25011,0.04864781288653997
25013,0.08879350313327251
25015,0.07919307783701068
25017,0.1983855959324369
25019,0.1632247063281546
25021,0.15990205330359258
25023,0.082852043257538
25025,0.28385769759355084
25027,0.11581816051841393
26001,0.016398104265402842
26003,0.008020261713803293
26005,0.0327109015659757
26007,0.013107196917572589
26009,0.019211759143851807
26011,0.007780082987551867
26013,0.015650172612197928
26015,0.01386376316634825
26017,0.013899042156366568
26019,0.014050582095543959
26021,0.06135698903995115
26023,0.02541985082139752
26025,0.03276207433785889
26027,0.014840622112719434
26029,0.017907706436060305
26031,0.01156091864538731
26033,0.027160109884414037
26035,0.013546076196678606
26037,0.028853780638450035
26039,0.01727240014393667
26041,0.012884070603617346
26043,0.01310933415346763
26045,0.03218541457066115
26047,0.017445029983645284
26049,0.023379677498473094
26051,0.009332967334614329
26053,0.01333417593528817
26055,0.022756848743701825
26057,0.014566120636133531
26059,0.008792065485729136
26061,0.04569012547735952
26063,0.01480334468875813
26065,0.08734316080581041
26067,0.014438686313686314
26069,0.022873115231683793
26071,0.016685495785174243
26073,0.033041361841825975
26075,0.015767499796568583
26077,0.046815604162771855
26079,0.013813116656993616
26081,0.07834048089432853
26083,0.010464058234758872
26085,0.012077717486434448
26087,0.027540091800306
26089,0.03054381774756568
26091,0.019736709065539624
26093,0.02886922981077084
26095,0.009726725335803613
26097,0.019739224918507787
26099,0.10559981466942947
26101,0.013164329964134334
26103,0.015551478204255571
26105,0.01744975793249974
26107,0.02457218078104432
26109,0.007589492768899945
26111,0.03928298096240314
26113,0.01848145182812917
26115,0.019882209045707144
26117,0.012443654371151039
26119,0.008722476332305074
26121,0.016059900981438394
26123,0.018093235336983905
26125,0.1184787674369237
26127,0.05688360211979107
26129,0.015314296484779945
26131,0.016671959352175292
26133,0.008651114745631402
26135,0.012553292278540976
26137,0.02617952860279193
26139,0.057480522523578
26141,0.010815371634578507
26143,0.01715971414326076
26145,0.023590307361092026
26147,0.02849235487349544
26149,0.03202123824194553
26151,0.012710049031275289
26153,0.019908301158301157
26155,0.01020068583334539
26157,0.009812568908489526
26159,0.046250215657390084
26161,0.1155631869683585
26163,0.08108460574636207
26165,0.012030167017800983
27001,0.01003851253235684
27003,0.07188780389887946
27005,0.01689902830587241
27007,0.02007307302900911
27009,0.02424721450243492
27011,0.010323334631865992
27013,0.03766602687140115
27015,0.017132054665038792
27017,0.010128939423863668
27019,0.052541398944784
27021,0.01013359514709492
27023,0.03159453677801547
27025,0.017089571646171565
27027,0.03373905616058082
27029,0.009940585009140768
27031,0.04697728147862919
27033,0.04126547455295736
27035,0.015623017383580764
27037,0.08865091956049122
27039,0.019270576638738296
27041,0.01040415073730202
27043,0.022909346451159524
27045,0.012378256488989109
27047,0.03595818364242483
27049,0.028246760247536494
27051,0.011742996141586982
27053,0.1335483429288949
27055,0.010206251328938975
27057,0.012637309225235734
27059,0.012586170879465218
27061,0.008444679631344534
27063,0.020468122612868477
27065,0.008185965131537836
27067,0.06198756007916313
27069,0.016517857142857143
27071,0.053929829937184
27073,0.021785561725758223
27075,0.020093023255813955
27077,0.020005064573309698
27079,0.028223914534233226
27081,0.008608815426997245
27083,0.0626094400560333
27085,0.033679187704599677
27087,0.006914119359534207
27089,0.0170316301703163
27091,0.020687960687960687
27093,0.02364996324960007
27095,0.014064861094966873
27097,0.009950852496814514
27099,0.07461697300328855
27101,0.02380114902098722
27103,0.03524149186967297
27105,0.1908516622861622
27107,0.015242080095636582
27109,0.10579146944922548
27111,0.02604719097216185
27113,0.02012756909992913
27115,0.018379081388185364
27117,0.029399187513363265
27119,0.02386914762100992
27121,0.009134088417975887
27123,0.14981485027805638
27125,0.009603545924649102
27127,0.02270559053615722
27129,0.025772856107046337
27131,0.07167956107634929
27133,0.020391090661926174
27135,0.03586295228946526
27137,0.02230855934485751
27139,0.08175674691600764
27141,0.026979790046570282
27143,0.04566939617868318
27145,0.05281300173662309
27147,0.037401089724283326
27149,0.04124449902773514
27151,0.01721784776902887
27153,0.035723044224638276
27155,0.011081948089822106
27157,0.012394181750152004
27159,0.014099861908568937
27161,0.04707485846089327
27163,0.06459642437264361
27165,0.10991496290935408
27167,0.004137296965982225
27169,0.035049694413527815
27171,0.029349371750938293
27173,0.016250495441934205
28001,0.06732543231495669
28003,0.015327313164875801
28005,0.0020249221183800624
28007,0.0064667535853976535
28009,0.007556080283353011
28011,0.01819365145105464
28013,0.03110419906687403
28015,0.006577674598568389
28017,0.025817951814156748
28019,0.0017955470433325352
28021,0.00932475884244373
28023,0.0015279305708348612
28025,0.004635337048177918
28027,0.007761146749029856
28029,0.02520659728225165
28031,0.00580350264495917
28033,0.036284151708920076
28035,0.02799375876853685
28037,3.8182512409316535e-4
28039,0.013634002770083102
28041,0.0045296907070564085
28043,0.005002084201750729
28045,0.027724812063032855
28047,0.04576395540791163
28049,0.019107347665877645
28051,0.0020242914979757085
28053,0.010463045414069456
28055,0.0023237800154918666
28057,0.007462368342501386
28059,0.03988597912934687
28061,0.0021702435495538942
28063,0.0010545742156604272
28065,5.862155598358596e-4
28067,0.029732263167145116
28069,0.005680148859073548
28071,0.03017451972874201
28073,0.027290481446888
28075,0.01840114239903798
28077,7.15080247894486e-4
28079,0.02237291063793029
28081,0.020073851074838892
28083,0.020751364386343445
28085,0.0053789731051344745
28087,0.020720615085679826
28089,0.0381828706013852
28091,0.006357960856409667
28093,0.014181668269891439
28095,0.0047270214236351075
28097,0.002102446483180428
28099,0.008357865529726255
28101,0.006924248719013987
28103,0.021179215651081395
28105,0.044507421301582126
28107,0.008087743286882146
28109,0.016667874483658238
28111,0.005169442848937392
28113,0.007485963817841547
28115,0.025887210407313958
28117,0.005594956658786446
28119,0.01056564875660353
28121,0.023412214416636573
28123,0.07093627399003287
28125,0.009781477627471384
28127,0.00923323966278603
28129,0.0017223349941563634
28131,0.010957837356769385
28133,0.0055891942244993015
28135,0.06517815361989437
28137,0.015308815766320606
28139,0.02167407273057042
28141,0.01704283740211884
28143,0.021666507588050013
28145,0.03095897306821042
28147,0.010281746561623714
28149,0.019033735943356934
28151,0.0104446554475848
28153,0.003063606302275822
28155,0.005000500050005001
28157,0
28159,0.0040648232336738515
28161,0.003876908165737824
28163,0.047687291748772884
29151,0.0031254542811455155
29153,0.0039844814931320124
29155,0.0056623871727308405
29157,0.010209424083769634
29159,0.06338979035887718
29161,0.050345333007617316
29163,0.013339093805692067
29165,0.05987536672591387
29167,0.006461568135789372
29169,0.055198997062290665
29171,0.011031664964249234
29173,0.007419701259396661
29175,0.006445195941913666
29177,0.01002995961964309
29179,0.0013681970203709335
29181,0.0020014295925661185
29183,0.0382972479022425
29185,0.010714285714285714
29186,0.019232907170650362
29187,0.007801848204817452
29189,0.0667284513450651
29195,0.051941373103625614
29197,0.015927189988623434
29199,0.002872973527601067
29201,0.008678733263357313
29203,0.0018035349284597811
29205,0.005664346981712251
29207,0.00522840768173744
29209,0.010613545816733067
29211,0.08553439803439804
29213,0.042871814022967046
29215,0.007771517388770157
29217,0.00857361816265926
29219,0.02218321580970251
29221,0.00335356116256787
29223,0.005747555422855863
29225,0.011120196238757155
29227,0.004322766570605188
29229,0.013008835167217736
29510,0.06741859367626239
29001,0.03169014084507042
29003,0.00530932594644506
29005,0.00900735294117647
29007,0.012682775472210372
29009,0.05444214297710351
29011,0.023919118855827717
29013,0.007570750465661239
29015,0.006152540574944309
29017,0.006879248947879573
29019,0.06018621537740821
29021,0.03868871495405366
29023,0.012060254708854275
29025,0.012000440383133327
29027,0.017838711125072924
29029,0.02501878115965124
29031,0.023838363013169085
29033,0.006156552330694811
29035,0.002068746021642266
29037,0.023427034857760886
29039,0.0031672905269219693
29041,0.0037908496732026145
29043,0.01763818847028577
29045,0.001589825119236884
29047,0.04565442935219069
29049,0.015806420138550104
29051,0.03032678713757464
29053,0.011368157790030125
29055,0.007055961070559611
29057,0.006694670517196115
29059,0.0070031393383240765
29061,0.006040836051709557
29063,0.013691128148959474
29065,0.012234178836792212
29067,0.003995264871263687
29069,0.029022241936505926
29071,0.016203794634088855
29073,0.00668985817500669
29075,0.0079587324981577
29077,0.034370740732894076
29079,0.004290171606864275
29081,0.019834900252235724
29083,0.008713805936280294
29085,0.006213176218532405
29087,0.004333694474539545
29089,0.009624828128069142
29091,0.0165153994941229
29093,0.004068978880062003
29095,0.056868432453866545
29097,0.04060281267067176
29099,0.01787189103562193
29101,0.023949773797433294
29103,0.011895910780669145
29105,0.00763079348989131
29107,0.012304046664236238
29109,0.026330927727225187
29111,0.018285489579237122
29113,0.015004642525533891
29115,0.006209176679300057
29117,0.008775428799361787
29119,0.09229890611958003
29121,0.007503234152652005
29123,0.007418756551890977
29125,0.01115159545103235
29127,0.013696255201109571
29129,0.010220548682087143
29131,0.014505529732328899
29133,0.006052927927927928
29135,0.029048794380102525
29137,0.006336405529953917
29139,0.008878465533126727
29141,0.011915945611866503
29143,0.006789419368855575
29145,0.030147846946935026
29147,0.019106357284568273
29149,0.010110210401675927
30001,0.03594876762458293
30003,0.011719047256677575
30005,0.012579569566535314
30007,0.026879831342234716
30009,0.019283209972730815
30011,8.149959250203749e-4
30013,0.020830795468388355
30015,0.017421007685738683
30017,0.016994558392632902
30019,0.030147895335608646
30021,0.012279765082754938
30023,0.02203886657257627
30025,0.009486424599280341
30027,0.016916637600279037
30029,0.019725070446680166
30031,0.029342341302728617
30033,0
30035,0.022235225277940317
30037,0.0026455026455026454
30039,0.01452020202020202
30041,0.014827815771954246
30043,0.014519214049730481
30045,0.013019529293940912
30047,0.024076551085502624
30049,0.016478724543660204
30051,0.021950189953566904
30053,0.021720018617158814
30055,0.004050925925925926
30057,0.023689970387537014
30059,0.011591148577449948
30061,0.016281264747522416
30063,0.025382705464158762
30065,0.01941544885177453
30067,0.02209065444359562
30069,0.004514672686230248
30071,0.011999040076793857
30073,0.025620367386400257
30075,0
30077,0.0035842293906810036
30079,0.016034985422740525
30081,0.01859246013276829
30083,0.01805605461731944
30085,0.005148121387283237
30087,0.012617621899059024
30089,0.025647805393971445
30091,0.015426997245179064
30093,0.02289501866913659
30095,0.015073212747631352
30097,0.011835948252133223
30099,0.016957523872242343
30101,0.04699029126213592
30103,0.019704433497536946
30105,0.011614095288372707
30107,0.0070921985815602835
30109,0.010141987829614604
30111,0.019662702027431485
31001,0.056962025316455694
31003,0.019734813444341658
31005,0.002232142857142857
31007,0.01707317073170732
31009,0.007259528130671506
31011,0.010980830076307463
31013,0.020335985853227233
31015,0.0034330554193231977
31017,0.0022742040285899934
31019,0.0431836189999583
31021,0.012486836166691741
31023,0.020348837209302327
31025,0.013525236593059937
31027,0.0029971181556195966
31029,0.06979727995894278
31031,0.026516464471403812
31033,0.02093877145975985
31035,0.043560012535255405
31037,0.24966736361908382
31039,0.04196959682749504
31041,0.018237363451212737
31043,0.20819309548995096
31045,0.03469789842381786
31047,0.18151979724957415
31049,0.0328879753340185
31051,0.054722127514490286
31053,0.05268890401633764
31055,0.09096725595409696
31057,0.042679900744416875
31059,0.01158504476040021
31061,0.012560386473429951
31063,0.010882238631947143
31065,0.004501739308369143
31067,0.00884590704922541
31069,0.013713658804168952
31071,0.0031039834454216243
31073,0.0010121457489878543
31075,0.005201560468140442
31077,0.007269789983844911
31079,0.13927819449927623
31081,0.008901098901098902
31083,0.006072874493927126
31085,0.05996309963099631
31087,0.013893713094824591
31089,0.02029236391613772
31091,0.007342143906020558
31093,0.006617299511580274
31095,0.007264899771290192
31097,0.04122314689374879
31099,0.02275156512444648
31101,0.023201571323348883
31103,0.011251758087201125
31105,0.020161290322580645
31107,0.009817671809256662
31109,0.07342995169082125
31111,0.017049253398707376
31113,0.005875440658049354
31115,0.0018248175182481751
31117,0
31119,0.06852553330864972
31121,0.014917695473251029
31123,0.043906442347148134
31125,0.004122011541632316
31127,0.011579241071428572
31129,0.01503074470507857
31131,0.041282666330008835
31133,0.008437270726338958
31135,0.021203830369357045
31137,0.024305555555555556
31139,0.008351893095768375
31141,0.08099993872924453
31143,0.028457598178713718
31145,0.020372738900054813
31147,0.0030484087306426044
31149,0.004282655246252677
31151,0.12047353760445682
31153,0.05263251217551657
31155,0.016257830057858746
31157,0.04942209137498637
31159,0.01759030474173432
31161,0.01303362296939932
31163,0.0054715159317669775
31165,0.02321857485988791
31167,0.024502548922874526
31169,0.010034735623311463
31171,0.028148148148148148
31173,0.015116613878491218
31175,0.0028208744710860366
31177,0.009231376808016981
31179,0.03183023872679045
31181,0.018122802272112524
31183,0
31185,0.02112115732368897
32001,0.06448952663697839
32003,0.21890898479641102
32005,0.07505448697602574
32007,0.09287847639734688
32009,0.1411042944785276
32011,0.01018573996405033
32013,0.10710728306087772
32015,0.12243525058863101
32017,0.023488640739314594
32019,0.0710649089184428
32021,0.04533508541392904
32023,0.07329032258064516
32027,0.10413567390657542
32029,0.023415627386103335
32031,0.14789928715757242
32033,0.0382995789051534
32510,0.11702947762563783
33001,0.03331180979817547
33003,0.031002041546524108
33005,0.029216276331283528
33007,0.03508001255098839
33009,0.05775623733784041
33011,0.08912746427970256
33013,0.041701185641917125
33015,0.046577660648950185
33017,0.0525651976084232
33019,0.0253390518140721
34001,0.16476381383998606
34003,0.3018967322660391
34005,0.09312937792416481
34007,0.1091351919343435
34009,0.055800845467355566
34011,0.10402776451109626
34013,0.2551891148281538
34015,0.05446816719371129
34017,0.4191398073402664
34019,0.08685940594059406
34021,0.2147904443940229
34023,0.31886787907985065
34025,0.13300380651159835
34027,0.18785929922600123
34029,0.07931442282971977
34031,0.28294593497696885
34033,0.052395577395577396
34035,0.2419087488354648
34037,0.07754402795861029
34039,0.2952214511684866
34041,0.09246824464215768
35001,0.10720046057307517
35003,0.020373988277979347
35005,0.13263740104237892
35006,0.05967423855087284
35007,0.036854658767407865
35009,0.08582688080480029
35011,0.05297029702970297
35013,0.16579502063440876
35015,0.05605578620082313
35017,0.04055771145987156
35019,0.019885108263367212
35021,0.024778761061946902
35023,0.0872280852896834
35025,0.15872573331963785
35027,0.07079424012844313
35028,0.10273705334745527
35029,0.170156117632821
35031,0.022662774669585665
35033,0.0027896995708154505
35035,0.12152852200006124
35037,0.02655782938606576
35039,0.05682244862199304
35041,0.09689572031344183
35043,0.054560224827646775
35045,0.037384223186529536
35047,0.03756802009208874
35049,0.13326263697419582
35051,0.04278949634093844
35053,0.0451011775465874
35055,0.06034665938135567
35057,0.05595155491074245
35059,0.06337865867711455
35061,0.08153662660392938
36081,0.4783505038157191
36083,0.04697936210131332
36085,0.2161462577331152
36087,0.212178191887442
36089,0.04417423288784137
36091,0.049103112962185065
36093,0.09722473448926329
36095,0.027418293485413466
36097,0.01634980988593156
36099,0.021483041201912134
36101,0.024375411746820046
36103,0.15141074203412477
36105,0.09931874754356085
36107,0.02559811948445188
36109,0.1274469211881951
36111,0.0746276889134032
36113,0.03418226449831237
36115,0.02358851674641148
36117,0.027603445290858727
36119,0.25301582214687046
36121,0.01742025768469816
36123,0.018223686822567198
36001,0.08814393927074152
36003,0.022363220303723737
36005,0.34404214072532285
36007,0.0626170536061345
36009,0.01994630328512449
36011,0.025210614729768988
36013,0.020136302640109766
36015,0.02730352226766515
36017,0.01796201739692022
36019,0.04529595396951705
36021,0.06103384516440228
36023,0.019044511958893215
36025,0.03720602972218076
36027,0.1159001508783274
36029,0.06661356968002917
36031,0.036646792763157895
36033,0.03783151326053042
36035,0.02433798483683112
36037,0.02337784654714252
36039,0.061972180824639844
36041,0.021218487394957984
36043,0.031342724177780557
36045,0.0394125114546815
36047,0.37464237673388284
36049,0.016553605662881582
36051,0.03334825079859879
36053,0.02316815552211192
36055,0.08299793422618888
36057,0.03230277827999759
36059,0.21656459561852398
36061,0.2894028684749437
36063,0.03978052766752276
36065,0.07687169782238244
36067,0.07399680549386724
36069,0.036788409407282584
36071,0.11040427935127763
36073,0.03364609989574448
36075,0.019020819751945407
36077,0.0359777846544732
36079,0.1266986973303313
37001,0.07776088832781564
37003,0.024678400344474945
37005,0.06030611309687471
37007,0.0317581786875837
37009,0.0407538540975142
37011,0.03995478948855609
37013,0.03725741679106831
37015,0.01564479968807876
37017,0.04671658986175115
37019,0.04616738264065007
37021,0.05659507714202542
37023,0.047516415777013446
37025,0.07647511612475116
37027,0.035299297928031506
37029,0.032477118393858875
37031,0.037257430966758515
37033,0.024251316130145854
37035,0.07214927883060604
37037,0.09434829677744658
37039,0.02458290270190462
37041,0.033160480349344976
37043,0.030874624624624626
37045,0.02663154211858651
37047,0.029285339856718506
37049,0.05103877453326951
37051,0.058240373625628845
37053,0.026702596766291033
37055,0.051229096750136247
37057,0.04888110479840358
37059,0.044008010229932205
37061,0.1224160261046541
37063,0.138378281056863
37065,0.023462373371924746
37067,0.08985191493126597
37069,0.04862270450751252
37071,0.05351585028144914
37073,0.012964858410098942
37075,0.010459770114942528
37077,0.042575160474281094
37079,0.07712865716429107
37081,0.09864966463613169
37083,0.019454378639504184
37085,0.05888030888030888
37087,0.02545208720635457
37089,0.07418040631066634
37091,0.035333223900196976
37093,0.05689672050905531
37095,0.03038819603021254
37097,0.06130880980940957
37099,0.03913064784867196
37101,0.07513060830960336
37103,0.0314774739327169
37105,0.11478003298663704
37107,0.04428226327787418
37109,0.046030309884641483
37111,0.038500033362247284
37113,0.052507444205312656
37115,0.027393351405335997
37117,0.01643558514897383
37119,0.1433754624917196
37121,0.020417482061317677
37123,0.08021448498242817
37125,0.04934436414767339
37127,0.041817106902303586
37129,0.055253389397018175
37131,0.017181476369520728
37133,0.040701376304060344
37135,0.12905715357318023
37137,0.029271298721306425
37139,0.03745814383527413
37141,0.036127324801508175
37143,0.02370721588383464
37145,0.027940502266822882
37147,0.046623091174812135
37149,0.03143602105573867
37151,0.06580740324506568
37153,0.040633279763714544
37155,0.04985504667422945
37157,0.03594799566630553
37159,0.048359002898215535
37161,0.027518133552680776
37163,0.09456264775413711
37165,0.021958143159300902
37167,0.032367213547684286
37169,0.01669488437881743
37171,0.05230285636189695
37173,0.015462825672527008
37175,0.03683794946550049
37177,0.07514450867052024
37179,0.09029059797021863
37181,0.037163443306788016
37183,0.12897597280380813
37185,0.030730897009966777
37187,0.026286706662456583
37189,0.03231240428790199
37191,0.07337863375015077
37193,0.039538189307574044
37195,0.07194077052254814
37197,0.05527902873245372
37199,0.030561236082708474
38001,0.01794105083297736
38003,0.027304676939713435
38005,0.004268472181336473
38007,0.05263157894736842
38009,0.02215857702743443
38011,0.0049674014281279105
38013,0.033967391304347824
38015,0.01775047323260374
38017,0.06334769230769231
38019,0.013367609254498715
38021,0.01867179980750722
38023,0.05315471045808125
38025,0.025506555423122766
38027,0.010126582278481013
38029,0.006641640196361536
38031,0.008912655971479501
38033,0.0010976948408342481
38035,0.0400411719508836
38037,0.010160880609652836
38039,0.013739802490339202
38041,0.0049599389545974815
38043,0.007818930041152264
38045,0.007293946024799417
38047,0.008226221079691516
38049,0.010486505071342616
38051,0.011598405219282348
38053,0.008008320332813313
38055,0.011533171093006032
38057,0.008340090350978803
38059,0.007866137657409004
38061,0.015670593321085054
38063,0.016076115485564306
38065,0.003298515667949423
38067,0.044962531223980015
38069,0.004323094425483504
38071,0.010202317136434377
38073,0.00953603520997616
38075,0.02849336455893833
38077,0.015566586995158423
38079,0.005931852669333701
38081,0.022973670624677336
38083,0.0029917726252804786
38085,0.005251141552511416
38087,0
38089,0.037236272181081456
38091,0.012632642748863061
38093,0.012241412032643765
38095,0.011769834350479512
38097,0.014980809706574224
38099,0.03471149477510223
38101,0.036745600566906816
38103,0.008087535680304472
38105,0.0245450555386745
40001,0.022036337470768125
40003,0.02415291051259774
40005,0.01078671077232849
40007,0.10090415913200723
40009,0.03111587982832618
40011,0.02874617737003058
40013,0.021771242869804332
40015,0.031869808442108835
40017,0.046476428961986796
40019,0.02679493001940465
40021,0.024471380751398215
40023,0.010582010582010581
40025,0.09354976505766767
40027,0.062040697804284214
40029,0.008430832759807294
40031,0.05561176123825987
40033,0.013907068062827226
40035,0.014785675529028758
40037,0.016887833693701334
40039,0.07340051073227966
40041,0.02125141877369654
40043,0.016656384947563233
40045,0.023052657122057753
40047,0.07121494726009776
40049,0.03154252413039519
40051,0.020704319928374244
40053,0.01062652202789462
40055,0.004904364884747425
40057,0.04012561060711793
40059,0.16038236856080723
40061,0.014552529182879378
40063,0.008487486398258977
40065,0.07192201412342647
40067,0.027633033317543028
40069,0.011068771547813465
40071,0.03156601662754733
40073,0.07482682002352634
40075,0.023650827778972264
40077,0.013365509560051976
40079,0.03669412212669593
40081,0.008462786923255274
40083,0.027734699840424336
40085,0.05267515264410638
40087,0.030044916739702016
40089,0.01692665117822768
40091,0.004832347140039448
40093,0.03493506493506494
40095,0.0598851005370301
40097,0.011461457799887824
40099,0.02373844025340421
40101,0.02761164274322169
40103,0.010690074743612029
40105,0.01231643770724775
40107,0.014532984977139125
40109,0.10833421694412046
40111,0.009126400648988491
40113,0.011861655637407917
40115,0.020102851799906497
40117,0.012728044123886296
40119,0.06127947823678279
40121,0.01754854206979382
40123,0.02588358954145316
40125,0.017220535312640575
40127,0.012114733654017459
40129,0.009788359788359789
40131,0.021818589527973987
40133,0.01389270436796044
40135,0.015193903144896779
40137,0.02405927777529795
40139,0.2325365944042987
40141,0.04419961114711601
40143,0.08216288191742803
40145,0.03407568542664244
40147,0.037017001545595056
40149,0.026869259163876728
40151,0.024133731872024798
40153,0.03635757171447632
41001,0.017069524046847744
41003,0.09673391525521706
41005,0.08171775738371705
41007,0.05427745973998181
41009,0.03320577456518658
41011,0.03558741537236161
41013,0.021139530444741362
41015,0.036395380069836156
41017,0.04400979462495949
41019,0.02745489486351848
41021,0.01964949548592671
41023,0.014568444200109951
41025,0.019919767602711302
41027,0.14809442173282342
41029,0.057375829681853306
41031,0.07048637867730384
41033,0.03613518924816267
41035,0.04771721336324501
41037,0.0376179546034175
41039,0.05960902929479639
41041,0.05724210844283341
41043,0.04228761630985702
41045,0.10991456908120847
41047,0.13177359331062707
41049,0.16699393073902177
41051,0.14190323495805668
41053,0.07465313729550632
41055,0.033426183844011144
41057,0.055878883208808496
41059,0.10528030441241627
41061,0.03752184890269955
41063,0.0179378737057022
41065,0.08077043778440295
41067,0.16901170421243775
41069,0.00741839762611276
41071,0.08744152928727539
42001,0.03953147877013177
42003,0.05467918076262341
42005,0.005207490548551758
42007,0.017816650469711693
42009,0.005276453571283054
42011,0.06880533378425713
42013,0.011482981146400102
42015,0.013916564890403034
42017,0.08320046984996401
42019,0.01996348733635272
42021,0.011716087558562502
42023,0.014376668720476484
42025,0.02596156821487143
42027,0.07877178864930967
42029,0.090773386269436665
42031,0.01153241749885943
42033,0.02896377069938409
42035,0.014918968041601454
42037,0.024016618842659015
42039,0.011792587843330319
42041,0.056505693232322816
42043,0.07017492087615367
42045,0.09577822365996479
42047,0.010009563277016258
42049,0.043386288760728656
42051,0.00996655567997271
42053,0.02123730378578024
42055,0.03301047378271005
42057,0.007417993738941064
42059,0.005719858716853814
42061,0.01076112055069054
42063,0.017828090335058878
42065,0.005541156492984181
42067,0.019291956985782753
42069,0.05056708782482819
42071,0.04510991746759811
42073,0.013503510464099056
42075,0.03879919868017912
42077,0.10544742064604379
42079,0.05440572330089505
42081,0.015164243587985187
42083,0.016509653950191213
42085,0.014255983350676378
42087,0.008312801285484735
42089,0.10917256866470892
42091,0.10176513278472761
42093,0.028528204019883294
42095,0.0697759799209655
42097,0.013105546454481629
42099,0.012982463822054863
42101,0.12704427833566548
42103,0.08761830767057494
42105,0.011336824538182655
42107,0.018919103580213172
42109,0.012185986115966638
42111,0.007752848584517797
42113,0.017708823068484564
42115,0.014916566357478345
42117,0.011895752530507994
42119,0.03238578228568886
42121,0.008180907505657998
42123,0.011620526341487232
42125,0.019738169104722755
42127,0.03140854343363929
42129,0.014961896299249
42131,0.014744022453547447
42133,0.03506118364190511
44001,0.09370424597364568
44003,0.061561124649910884
44005,0.07228143183770248
44007,0.18203880030263664
44009,0.04015663937344251
45001,0.01148137776533184
45003,0.0385582155843522
45005,0.011689367757674323
45007,0.024563972491697828
45009,0.015746500777604977
45011,0.01601954928047787
45013,0.09557811223894529
45015,0.05410277202460578
45017,0.025738735125016714
45019,0.050012871945594575
45021,0.02049657197071407
45023,0.006849735839783757
45025,0.027147558018704537
45027,0.015097431096026685
45029,0.01812967056099358
45031,0.017888165837283945
45033,0.02980753936694767
45035,0.04635075318258244
45037,0.04386760371797778
45039,0.022200103860135018
45041,0.025554832646569797
45043,0.024829954434392128
45045,0.07962257555753491
45047,0.03575984291467802
45049,0.01694915254237288
45051,0.06260791799951845
45053,0.08994689065501525
45055,0.023628073084404195
45057,0.03288089290328932
45059,0.02432631911913118
45061,0.0011375331780510264
45063,0.05093429446799809
45065,0.012935826174835775
45067,0.020486834333322972
45069,0.02250562640660165
45071,0.05163173255505439
45073,0.03459685919758769
45075,0.020513386696108197
45077,0.038418634078119275
45079,0.05317429800024629
45081,0.09205
45083,0.06530696332921301
45085,0.0347383950193455
45087,0.006613333333333333
45089,0.011372525422708947
45091,0.04712257785034739
46003,0.04177354342249908
46005,0.10430427124614707
46007,0
46009,0.01240553258234707
46011,0.05235126792955275
46013,0.032947976878612714
46015,0.004315196998123828
46017,0
46019,0.005926933540614069
46021,0.014211886304909561
46023,0.0036800519536746403
46025,0.027586206896551724
46027,0.03697095139533224
46029,0.008936936936936937
46031,0.004338394793926247
46033,0.016916845365737433
46035,0.021377672209026127
46037,0.005695977216091136
46039,0.0156645934116563
46041,0.001792435920415845
46043,0.010090817356205853
46045,0.010950721752115481
46047,0.0140457573124819
46049,0.001271725307333616
46051,0.022000830220008302
46053,0.007572172266919072
46055,0
46057,0.02357071213640923
46059,0.016592592592592593
46061,0.0011813349084465446
46063,0.009036144578313253
46065,0.011279056452536356
46067,0.011486299474121229
46069,0.009200283085633405
46071,0.017608897126969416
46073,0.028064992614475627
46075,0.002560819462227913
46077,0.016448012531819073
46079,0.011997352308456066
46081,0.028322174883343477
46083,0.02133376107791635
46085,0.010685431326557205
46087,0.010511313023338678
46089,0.003535130357931949
46091,0.04658583280153159
46093,0.015389863917213146
46095,0.005752636625119847
46097,0.016045099739809193
46099,0.060511227101518926
46101,0.032613759900605686
46102,0.0019077227442944958
46103,0.021303671584107085
46105,0.010734652801073465
46107,0.017771998266146512
46109,0.0067842605156037995
46111,0.010688328345446772
46115,0.012633181126331812
46117,0.002025658338960162
46119,0.008849557522123894
46121,0.008247837457252062
46123,0.013626453488372093
46125,0.007829438689472416
46127,0.026142029376094864
46129,0.04767970882620564
46135,0.016743240855274785
46137,0.015884221673138015
47105,0.058711103147584064
47107,0.02475907515331581
47109,0.006282802742979734
47111,0.04156232151487193
47113,0.02915953719546973
47115,0.010315834098777643
47117,0.028916203986007253
47119,0.03854249664046427
47121,0.004779788323659952
47123,0.02682533724858146
47125,0.05644155285514572
47127,0.005038576602109904
47129,0.007937964577406626
47131,0.021009348196215746
47133,0.010678733031674208
47135,0.005976602238046796
47137,0.01334118108691387
47139,0.009108887157667646
47141,0.05686221379216908
47143,0.0221645983824165
47145,0.021199352921259546
47147,0.03835315753566873
47149,0.07157114645488714
47151,0.0026765866715056934
47153,0.0073327850877192985
47155,0.054883194291635067
47157,0.062435617168755
47159,0.008779264214046822
47161,0.022956495559235287
47163,0.015591507604368685
47165,0.036463215483749256
47167,0.016262930894704413
47169,0.016615930999492642
47171,0.024074381537439814
47173,0.006022203602848764
47175,0.014117226590421729
47177,0.05058103211295764
47179,0.036276004053719765
47181,0.009646682843108245
47183,0.013250036321371495
47185,0.010780131037635228
47187,0.06600453232793198
47189,0.043766589080811796
47001,0.02912634230412303
47003,0.07117383551515678
47005,0.014697743066232088
47007,0.009571825222855473
47009,0.02870882193181455
47011,0.04915639513237052
47013,0.005401234567901234
47015,0.022992674258359325
47017,0.012062215638556766
47019,0.010361602360337894
47021,0.019633707067119883
47023,0.02037635649965366
47025,0.013638654403426988
47027,0.013881748071979434
47029,0.00804054245349792
47031,0.027952402334979795
47033,0.048904109589041095
47035,0.02368810373335654
47037,0.12154483026730205
47039,0.018997090535683724
47041,0.060458031305809436
47043,0.02036772864162308
47045,0.02233667945551059
47047,0.019992786108105322
47049,0.00981540349116056
47051,0.025232145461616996
47053,0.011195836359235052
47055,0.023662302670213135
47057,0.016493666432090076
47059,0.01679888007466169
47061,0.005767524401064774
47063,0.06709630311592248
47065,0.050025709451598725
47067,0.0027100271002710027
47069,0.010360720679541385
47071,0.014942084942084943
47073,0.010071561091969255
47075,0.012987724682156948
47077,0.006746867525791597
47079,0.016920264030493664
47081,0.010789441172836964
47083,0.011942098914354644
47085,0.0042214912280701756
47087,0.0029575504523312456
47089,0.023337778624499903
47091,0.013209746350668813
47093,0.05017463789642353
47095,0.018732925718745935
47097,0.017245779706129
47099,0.015345995358310046
47101,0.027545210984594774
47103,0.011743666169895679
48001,0.06461193127859795
48003,0.13508196721311475
48005,0.08189360441263618
48007,0.059278774905318625
48009,0.03405854880965942
48011,0.018528049408131755
48013,0.06760892667375133
48015,0.09160146783909161
48017,0.1859388156048274
48019,0.04183496826312753
48021,0.1069683422571087
48023,0.027839029768467475
48025,0.04121375424844606
48027,0.08152042227817974
48029,0.13098424433388733
48031,0.08383847803786254
48033,0.019858156028368795
48035,0.06738634466640699
48037,0.03750738017283023
48039,0.1309274403827082
48041,0.13181111798549236
48043,0.039415268002165674
48045,0.11676646706586827
48047,0.07879795042237918
48049,0.0418153463907171
48051,0.0693344127681721
48053,0.060008155128669805
48055,0.07393193890258469
48057,0.10440321240653559
48059,0.021947975169967486
48061,0.24396873287761367
48063,0.11425375519335251
48065,0.01845748187211602
48067,0.018497757847533634
48069,0.20986411675893307
48071,0.10359453437491611
48073,0.09050755369671859
48075,0.04434055815271285
48077,0.01879950376944365
48079,0.17273638489809556
48081,0.03798641136504015
48083,0.02026710402999063
48085,0.18549433725926828
48087,0.13505559189012425
48089,0.07737148913619502
48091,0.06171425705496857
48093,0.07905747632680027
48095,0.3404307391091532
48097,0.07120559325094812
48099,0.06280212274064734
48101,0.04370860927152318
48103,0.1689217758985201
48105,0.10786699107866991
48107,0.04178458465124022
48109,0.1289198606271777
48111,0.15868263473053892
48113,0.23429347972618142
48115,0.07155516171909615
48117,0.15240322161600417
48119,0.01665709362435382
48121,0.1429430307535277
48123,0.029259980525803312
48125,0.03857957036387549
48127,0.05654371840479311
48129,0.022296544035674472
48131,0.041116005873715125
48133,0.038192928852029684
48135,0.1384020808119981
48137,0.11385099685204617
48139,0.0856689885265316
48141,0.25521992070701904
48143,0.0865905741901646
48145,0.06375646180356118
48147,0.05286239184544269
48149,0.07231679343233129
48151,0.023587350959046138
48153,0.08595014567821302
48155,0.03007518796992481
48157,0.2666363880783375
48159,0.06359090480233984
48161,0.07449198407025426
48163,0.13870541611624834
48165,0.24159441742440263
48167,0.09766584567258237
48169,0.40858034321372855
48171,0.10103157728955035
48173,0.17288135593220338
48175,0.020917678812415654
48177,0.13479079912750347
48179,0.08928338337031719
48181,0.060612477602215345
48183,0.0882219227459449
48185,0.0974370386855087
48187,0.07139969329429806
48189,0.10531207751239297
48191,0.12082422728691851
48193,0.04306798935398016
48195,0.18438568087785573
48197,0.06187374749498998
48199,0.014266365688487584
48201,0.25405671062230367
48203,0.062438833431199846
48205,0.10047377879431466
48207,0.14898342730223818
48209,0.07787139140131334
48211,0.12563791008505468
48213,0.05521666497924471
48215,0.2879090643870916
48217,0.07190103942960227
48219,0.06727553383071777
48221,0.0526790919862331
48223,0.08604292327114603
48225,0.03424985838162883
48227,0.09378202465032544
48229,0.35405405405405405
48231,0.06355335483577886
48233,0.062448531430139995
48235,0.040145985401459854
48237,0.04370668455175498
48239,0.06792765428689769
48241,0.02541377767837173
48243,0.20161290322580644
48245,0.114421525514885
48247,0.06566138576064134
48249,0.060369986252140566
48251,0.06866516564811836
48253,0.03048353188507358
48255,0.039585993682371125
48257,0.07736368710483214
48259,0.05834961590963839
48261,0.16283185840707964
48263,0.04263093788063337
48265,0.06654170571696345
48267,0.0693267944716897
48269,0.18352059925093633
48271,0.18115739446463516
48273,0.06884386025164695
48275,0.06638566912539515
48277,0.04680627849735706
48279,0.10784456411002766
48281,0.061971413027350514
48283,0.0883048254762898
48285,0.0602588367691442
48287,0.06961113778204513
48289,0.06480765800582675
48291,0.0732777534006143
48293,0.09448281742986271
48295,0.13666379557852426
48297,0.06502147730144024
48299,0.028515240904621434
48301,0.1111111111111111
48303,0.05696363598847246
48305,0.07598889659958362
48307,0.048712679801764774
48309,0.08524047121177615
48311,0.042416452442159386
48313,0.06467697644168233
48315,0.010343481654957064
48317,0.09082254379284083
48319,0.10231185440236104
48321,0.11109896715667522
48323,0.33290302044280967
48325,0.052582714382174205
48327,0.04537121906507791
48329,0.1064710159296715
48331,0.05529083141636543
48333,0.06707692307692308
48335,0.07361762460464609
48337,0.05370161207516172
48339,0.1276020422375474
48341,0.27669314662717115
48343,0.039448818897637794
48345,0.02054154995331466
48347,0.09084250202194381
48349,0.1098965044266179
48351,0.01728620616962968
48353,0.032999136843503085
48355,0.0825995568937113
48357,0.20672805863559482
48359,0.024142926122646065
48361,0.02286792362137544
48363,0.05895204326492604
48365,0.043263598326359835
48367,0.04089179528570722
48369,0.1953218712514994
48371,0.13690137280951478
48373,0.06690087394010366
48375,0.1431035046423434
48377,0.3335158817086528
48379,0.03125849415602066
48381,0.04034484390528624
48383,0.25514174541411894
48385,0.01966626936829559
48387,0.028328161056735895
48389,0.23471330841385146
48391,0.02927030369657826
48393,0.0053705692803437165
48395,0.0633317203000242
48397,0.08893331462775907
48399,0.035519387266634755
48401,0.07028078642647362
48403,0.008045977011494253
48405,0.01863139735480161
48407,0.039299855678496094
48409,0.05203571969123657
48411,0.10860342779568981
48413,0.13337468982630274
48415,0.06247824573616429
48417,0.04087112171837709
48419,0.10969873663751215
48421,0.1689497716894977
48423,0.08183330881812165
48425,0.06203531598513011
48427,0.3311039458562125
48429,0.06369022429115531
48431,0.06835066864784546
48433,0.036775106082036775
48435,0.12783661119515885
48437,0.06677038765720213
48439,0.15760872403926612
48441,0.053572358388812434
48443,0.09554831704668838
48445,0.08126428627729172
48447,0.02394822006472492
48449,0.19119589592357078
48451,0.060422750660547905
48453,0.17847179811794284
48455,0.04408191600138841
48457,0.021153666946230547
48459,0.03125
48461,0.11042584434654919
48463,0.11880379934698723
48465,0.2221518987341772
48467,0.051843143203883495
48469,0.05893517131155729
48471,0.0738208567719602
48473,0.1398564791589417
48475,0.08124721603563474
48477,0.07503797172566888
48479,0.2643826614143916
48481,0.08738852268321054
48483,0.10590957636169455
48485,0.06777965549383512
48487,0.03951968384252926
48489,0.16712117080265432
48491,0.11322192942448352
48493,0.045046034850249404
48495,0.13133579725448785
48497,0.06724033767124406
48499,0.037272897546356994
48501,0.2682332886886643
48503,0.06296033607943696
48505,0.27418227564998604
48507,0.09485903814262023
49047,0.02880658436213992
49049,0.0720327851626123
49051,0.09924608979408124
49053,0.057493051995359
49055,0.030492285084496695
49057,0.07326484611323854
49001,0.05200433369447454
49003,0.02961306897295601
49005,0.07152040460114603
49007,0.02417928991255316
49009,0.024484536082474227
49011,0.047709463345847226
49013,0.0314881162638139
49015,0.019947800149142433
49017,0.03728546064312488
49019,0.05911802300809544
49021,0.03937291839029254
49023,0.012403846153846154
49025,0.024437656206609277
49027,0.07463042441583215
49029,0.021701050992604127
49031,0.014477211796246649
49033,0.005235602094240838
49035,0.12370824443583532
49037,0.01834741288278775
49039,0.04589363433707229
49041,0.01930908916678645
49043,0.10435866150930662
49045,0.04363391522835137
50001,0.0431475516335977
50003,0.024050944272868895
50005,0.018863665677802142
50007,0.0782538460093544
50009,0.03479942000966651
50011,0.02736585567350985
50013,0.03768699654775604
50015,0.03360370799536501
50017,0.01797504234505168
50019,0.04136889412804833
50021,0.0237237733355361
50023,0.03498951498342691
50025,0.03208080623831456
50027,0.03383793410507569
51001,0.06688811716744678
51003,0.10136943787097025
51005,0.014378189966388647
51007,0.0034436878766533614
51009,0.020032350379494836
51011,0.007298790110468175
51013,0.2302574292795106
51015,0.015907525691059108
51017,0.0314204669430504
51019,0.01879340334540889
51021,0.013959771840288201
51023,0.023948122455134974
51025,0.015652687536916714
51027,0.010772375031933918
51029,0.014823060698382939
51031,0.02326765069439395
51033,0.029200313468942724
51035,0.018756698821007504
51036,0.011098623208766508
51037,0.008202712580199788
51041,0.08092913558578324
51043,0.04133156164766767
51045,0.0036454336147352263
51047,0.06806542210474145
51049,0.0034486256212597627
51051,0.009635905063700446
51053,0.021771611526147278
51057,0.013092996143843601
51059,0.29962648021390564
51061,0.059988438106814104
51063,0.01919732010564968
51065,0.0342123471976628
51067,0.023705939802894434
51069,0.054733218588640276
51071,0.01703436446442302
51073,0.02151293208291668
51075,0.037014870401915194
51077,0.01509022025300199
51079,0.04308797127468582
51081,0.022704081632653063
51083,0.014335605249816932
51085,0.036007499506611404
51087,0.1193424155752923
51089,0.031723088626854315
51091,0.0071301247771836
51093,0.026860660324566313
51095,0.06455081855871407
51097,0.027441598649028988
51099,0.019772991617534992
51101,0.020811331303969685
51103,0.019318896576511816
51105,0.011108466238197254
51107,0.23286598372677847
51109,0.03221914906137822
51111,0.03455964325529543
51113,0.019396059937628357
51115,0.018018018018018018
51117,0.022373633338615116
51119,0.015582719044508725
51121,0.08821669586490717
51125,0.0382285637367075
51127,0.02469325153374233
51131,0.05638542350623769
51133,0.02543888166449935
51135,0.027242059703392527
51137,0.05457278298069141
51139,0.016273119993289436
51141,0.018999123959702147
51143,0.02208809758894162
51145,0.025383769986173643
51147,0.031144123012770395
51149,0.0407972177635099
51153,0.21858984474159046
51155,0.014191380908248378
51157,0.04844570044408559
51159,0.06596951830014462
51161,0.0500891779607617
51163,0.023302441632507574
51165,0.051153821430867136
51167,0.010727562400424854
51169,0.010500664599025255
51171,0.05453609212620541
51173,0.01115522783134808
51175,0.010429114611624117
51177,0.06991878832494068
51179,0.08781216960151664
51181,0.01289755239630661
51183,0.022167902899527983
51185,0.008616366537497151
51187,0.03419869546009719
51191,0.015394729633484906
51193,0.03246568320328074
51195,0.012533925487293363
51197,0.010243233984241179
51199,0.07756766108528532
51510,0.27450691491142887
51520,0.019116640036521342
51530,0.007350735073507351
51540,0.11911099281341496
51550,0.04977428545409603
51570,0.06480159862974594
51580,0.014818688981868899
51590,0.03109540636042403
51595,0.040021156558533146
51600,0.2693359541919494
51610,0.18169522091974752
51620,0.019510464703795673
51630,0.0821317758715094
51640,0.10325770796974985
51650,0.04689927852875307
51660,0.16651747489686308
51670,0.04703981327707707
51678,0.0548720124451987
51680,0.05607871235190256
51683,0.2732984807206146
51685,0.3248
51690,0.03163534938344099
51700,0.07436453180236374
51710,0.06899923406613105
51720,0.06838033441477415
51730,0.033309466737228774
51735,0.0388341475532003
51740,0.025932282727414574
51750,0.03236208008442282
51760,0.0680468804828409
51770,0.07156457624372063
51775,0.04081064971190145
51790,0.027445955441656678
51800,0.03682818156502367
51810,0.08718017354837271
51820,0.05087470449172577
51830,0.10376846956757489
51840,0.11016637220259129
53001,0.24154918505319428
53003,0.01719600725952813
53005,0.10078408046287785
53007,0.1140883568745203
53009,0.047460530132464054
53011,0.10058581886408732
53013,0.042617197292554525
53015,0.04207625710879634
53017,0.15591302810677038
53019,0.018295870360690015
53021,0.23134319725136795
53023,0.016143497757847534
53025,0.19018138372977084
53027,0.05686161945700724
53029,0.06965926710282494
53031,0.04168467240634245
53033,0.21184491210095435
53035,0.06415962981666999
53037,0.061036868543266044
53039,0.046589817483189244
53041,0.048189101503012644
53043,0.022580333880150537
53045,0.05689987004655294
53047,0.10524533049453208
53049,0.059384838944054254
53051,0.023827884022208513
53053,0.09731103519426926
53055,0.06793682627224869
53057,0.0986400542972776
53059,0.045895223694743394
53061,0.1478370809465709
53063,0.057173815386663114
53065,0.02950766969780472
53067,0.07893484772935754
53069,0.026517967781908302
53071,0.10479523155744566
53073,0.11029454369869628
53075,0.09562017245437233
53077,0.18060854944060015
54001,0.0035263881417727573
54003,0.03479452558772672
54005,0.002125
54007,0.0010369141435089175
54009,0.009972533276991337
54011,0.021595885317689828
54013,0.007939658594680429
54015,0.0031725194180067828
54017,0.008657480795024998
54019,0.005775903720296921
54021,0.032970846830171215
54023,0.0013542107490478205
54025,0.012785285706274884
54027,0.004417636564438026
54029,0.015032614814079004
54031,0.026693455797933408
54033,0.008840835966259892
54035,0.006289308176100629
54037,0.05219690658166407
54039,0.01735497769694047
54041,0.011317999269806499
54043,0.0021335807050092766
54045,0.0041946308724832215
54047,0.010143255456206134
54049,0.010688501496742385
54051,0.008158866995073892
54053,0.0040475401994333445
54055,0.01132636409170962
54057,0.0037831021437578815
54059,0.006864370830280359
54061,0.049533776606208446
54063,0.0073937153419593345
54065,0.015679542203147354
54067,0.004010798303123795
54069,0.016660173705800124
54071,0.0054039448797622265
54073,0.0017024620220010478
54075,0.007013912843509256
54077,0.012748084829483274
54079,0.010000706763728886
54081,0.017695845489406697
54083,0.0069810999489187805
54085,0.002366863905325444
54087,0.004919376878928669
54089,0.004134672179562906
54091,0.005890322200624374
54093,0.00717154331612163
54095,0.0012177571128085907
54097,0.005944625407166124
54099,0.0032048965035302054
54101,0.006161084350845749
54103,0.006189267809618123
54105,0
54107,0.008976536235400132
54109,1.7493221376716522e-4
55001,0.03026746858344335
55003,0.009629212780591508
55005,0.02532504487151425
55007,0.01727574750830565
55009,0.05572066253921018
55011,0.013965012388317441
55013,0.013955914960219121
55015,0.032147026852932886
55017,0.011786296255280103
55019,0.02856480676748363
55021,0.01946755701591676
55023,0.011951707820178365
55025,0.08083920360330696
55027,0.019932916981941794
55029,0.02131188922144892
55031,0.017374825909267335
55033,0.024479721008175005
55035,0.033017051569396036
55037,0.008266309204647005
55039,0.033850078492935635
55041,0.011912568306010929
55043,0.015828623589504553
55045,0.02537522945686211
55047,0.039017188653379734
55049,0.014556775632125879
55051,0.008803114948366345
55053,0.014700871343036558
55055,0.03829509751615389
55057,0.01981580735260814
55059,0.06038583982162658
55061,0.015329785675926378
55063,0.029124803499419042
55065,0.023700623700623702
55067,0.016827783745076978
55069,0.008979707275684083
55071,0.023509395064641524
55073,0.041427165864015326
55075,0.015888778550148957
55077,0.018758256274768823
55078,0.028532913951920917
55079,0.0880118919721865
55081,0.021933118346070594
55083,0.01430248692496531
55085,0.015174038650323955
55087,0.039782741229285594
55089,0.04424048674847891
55091,0.011394465545306565
55093,0.0159072526287409
55095,0.013655558615624713
55097,0.029006701499318492
55099,0.01427536231884058
55101,0.04784114523204803
55103,0.022483940042826552
55105,0.04537507699390893
55107,0.01657727937591419
55109,0.019484892821477508
55111,0.027955930911861823
55113,0.01346842201055633
55115,0.012823905877824027
55117,0.0565063440542933
55119,0.01409888667412125
55121,0.03784169726642187
55123,0.008586809339806467
55125,0.019761180051510185
55127,0.06209299391492542
55129,0.012101910828025478
55131,0.028332618623091912
55133,0.0494270995980938
55135,0.01728537170263789
55137,0.02939846223428313
55139,0.03092234503325365
55141,0.02342863319461709
56001,0.05438573139890856
56003,0.032450609499789826
56005,0.04030158498739925
56007,0.058898278162526206
56009,0.025530104247925678
56011,0.007054917692626919
56013,0.013814255919519078
56015,0.02768753691671589
56017,0.012476606363069246
56019,0.010930232558139534
56021,0.030629460028711843
56023,0.020583096746014412
56025,0.028583569759158114
56027,0.005961844197138315
56029,0.030809039158185267
56031,0.027542857142857143
56033,0.025321137937991796
56035,0.030048433330038548
56037,0.05356026087733405
56039,0.1039845815965219
56041,0.04161490683229813
56043,0.04428571428571428
56045,0.007969798657718121
11001,0.14145214399120287
