fips,perc_male
39001,0.49442063126571967
39003,0.5036027985854975
39005,0.489198894508263
39007,0.5017388776972649
39009,0.49992304614153354
39011,0.49582543108146404
39013,0.5100488786659
39015,0.49445160123850207
39017,0.4898023825757372
39019,0.49973555234300626
39021,0.4988957428984845
39023,0.4839468818288788
39025,0.4937114611678358
39027,0.4944619497756135
39029,0.5016275580967477
39031,0.49806665940529354
39033,0.48702165008777065
39035,0.4756722865699432
39037,0.49075559630223853
39039,0.49690966924409735
39041,0.49485258826638195
39043,0.4889875362813727
39045,0.4971296743387521
39047,0.4932392505822239
39049,0.4871664743317149
39051,0.4935624338001648
39053,0.48748568624243416
39055,0.49173360035792657
39057,0.49082781134281817
39059,0.49147024680765156
39061,0.4806812783979985
39063,0.48973855862544413
39065,0.4975107133854298
39067,0.49280368451352907
39069,0.4931286810637159
39071,0.4935835070650915
39073,0.5022134606073183
39075,0.5006446265770329
39077,0.49351001917301524
39079,0.48949899555609666
39081,0.48456350197640075
39083,0.4896236312372959
39085,0.4883475638192619
39087,0.4884920827470199
39089,0.48942161204080786
39091,0.49252484390115203
39093,0.4925021111521613
39095,0.4850009512654122
39097,0.5488540132547864
39099,0.4862076316350458
39101,0.5310950366225377
39103,0.492990373560753
39105,0.4923103139777617
39107,0.5022391894868218
39109,0.4917259966961948
39111,0.5001718567402214
39113,0.4808875849393832
39115,0.49761952658754105
39117,0.5004857698022631
39119,0.4859095982142857
39121,0.5761648745519713
39123,0.49638015645498273
39125,0.49726063135924864
39127,0.5006245662734212
39129,0.5284614704060869
39131,0.5003169460487392
39133,0.48862548410409085
39135,0.4952497480927019
39137,0.5005265621343319
39139,0.5064425403885147
39141,0.5253446090981975
39143,0.49374449631980327
39145,0.49546893625748234
39147,0.49963346385596025
39149,0.5011514867426172
39151,0.48510716600129605
39153,0.4843931958652535
39155,0.4873118091998469
39157,0.4931659061242543
39159,0.47733308397232094
39161,0.48936170212765956
39163,0.5019646365422397
39165,0.5018961785408974
39167,0.4908151456373979
39169,0.4951504277504746
39171,0.4976194297330552
39173,0.49136051518795826
39175,0.4928561890773134
1007,0.534109007255353
1009,0.49405648934326807
1011,0.5300618093275894
1013,0.46683698535914314
1015,0.4824257595500994
1017,0.47706798908418674
1019,0.4988849584743156
1021,0.49337045573837834
1023,0.47644643523702873
1025,0.4720382927802154
1027,0.4927975179138657
1029,0.48886815091321156
1031,0.4947331184655294
1033,0.483120270369554
1035,0.480062184220754
1037,0.5059399655391312
1039,0.4840574354642876
1041,0.49239489166307937
1043,0.49504106712777124
1045,0.4954879075923475
1047,0.4614034255349433
1049,0.4991557381662633
1051,0.4873766452459666
1053,0.514669829972321
1055,0.4838482740011179
1057,0.5017163825757576
1059,0.4840045520642347
1061,0.49129218720865186
1063,0.47085201793721976
1065,0.4708311484006293
1067,0.47872710410387204
1069,0.4787123070682095
1071,0.49330306469920543
1073,0.4727901478849089
1075,0.48340762753838534
1077,0.4789781856217044
1079,0.4889239564104091
1081,0.49195930640738633
1083,0.5025167501829851
1085,0.4770992366412214
1087,0.45788790088919973
1089,0.4890398859247542
1091,0.46547818378804295
1093,0.493763780564057
1095,0.49204817744226975
1097,0.4784925081653394
1099,0.47886753387045955
1101,0.4746951406604774
1103,0.49099226954735947
1105,0.46333931061964534
1107,0.4863517324738114
1109,0.4770924445784949
1111,0.4896679618509361
1113,0.4862097355150767
1115,0.5024340818037827
1117,0.4870731587480961
1119,0.44262049321640057
1121,0.48496383707651314
1123,0.4761013777853376
1125,0.48279938939827793
1127,0.48561200188098236
1129,0.4994999117491322
1131,0.4785046728971963
1133,0.492167426440116
1001,0.4843266148747759
1003,0.48848663137232795
1005,0.5382815980989157
2013,0.6652542372881356
2016,0.5969387755102041
2020,0.5119305131608421
2050,0.5260463546354636
2060,0.5701030927835051
2068,0.5466019417475728
2070,0.5199839325165696
2090,0.5363522391053608
2100,0.541796875
2105,0.5305451127819549
2110,0.5116657957025607
2122,0.5238286643015676
2130,0.5137601284765312
2150,0.5344593143920418
2158,0.530705079605762
2164,0.49592944369063774
2170,0.5220008733806067
2180,0.5350111629795007
2185,0.6384607427330092
2188,0.5386704604242111
2195,0.5302701024526545
2198,0.5439146800501882
2220,0.5125796712512579
2230,0.5275275275275275
2240,0.5561246265471618
2261,0.5341582614120828
2275,0.5140343527440302
2282,0.5707620528771384
2290,0.5382707299787385
4001,0.4944678609062171
4003,0.5098459663547942
4005,0.49416609973592
4007,0.49724442772500704
4009,0.53596920362499
4011,0.5262107946359303
4012,0.5103516105237276
4013,0.49429749015901125
4015,0.503392964270611
4017,0.5014490599687895
4019,0.4918275436964279
4021,0.5195396282955164
4023,0.4793830858453891
4025,0.48932850608344597
4027,0.5112593417312439
5001,0.47707009769900166
5003,0.4797682415563616
5005,0.482724171539961
5007,0.4944667881342413
5009,0.4872270126521073
5011,0.4938425843298233
5013,0.5132507149666349
5015,0.4897774561244798
5017,0.49123579670571654
5019,0.4740890510307239
5021,0.49272727272727274
5023,0.4994749329080938
5025,0.49753231492361927
5027,0.47556213260985736
5029,0.49009947891994315
5031,0.4867615300417123
5033,0.49020211180928935
5035,0.47185773133728526
5037,0.47999083986946817
5039,0.492755465175394
5041,0.4637692866952096
5043,0.49172892209178226
5045,0.49008320555038837
5047,0.492387775663271
5049,0.49533704188481675
5051,0.48395115209274503
5053,0.49158081311620694
5055,0.4950670785118252
5057,0.482942335243553
5059,0.512936727098091
5061,0.4866101069715972
5063,0.488850400519593
5065,0.5190652818991098
5067,0.4965050860942206
5069,0.49171969326154347
5071,0.49494793675279597
5073,0.4861072902338377
5075,0.4875800105702038
5077,0.5579971904475216
5079,0.6112928459678566
5081,0.5018867924528302
5083,0.5009772283078042
5085,0.49272184577951933
5087,0.5008916061648198
5089,0.4965366387167335
5091,0.49344818106845045
5093,0.48624732524964337
5095,0.4721898094126799
5097,0.4944003479395455
5099,0.4966450585693165
5101,0.5011177347242921
5103,0.47077144226161954
5105,0.4983495145631068
5107,0.46731401108332105
5109,0.48886082799675296
5111,0.48818669971086326
5113,0.4875761147122373
5115,0.4947159000477479
5117,0.49238276600809333
5119,0.4796664472690114
5121,0.4904210228878214
5123,0.5484000731395137
5125,0.4912459480115608
5127,0.5112235510579577
5129,0.5001883239171375
5131,0.4899310930048007
5133,0.4958883483900857
5135,0.48677807094693637
5137,0.5067135549872123
5139,0.48335097088573326
5141,0.49417715562874953
5143,0.49966733200266134
5145,0.49244851258581235
5147,0.48403265072318485
5149,0.49480192351728874
6001,0.49003617073495426
6003,0.5782493368700266
6005,0.5409379645898095
6007,0.4947565644039467
6009,0.4946277391828802
6011,0.5201439521405871
6013,0.48775988351087707
6015,0.5548438174751691
6017,0.4995798850038167
6019,0.4988936492225234
6021,0.505476470798102
6023,0.5001184886769258
6025,0.5115821016127403
6027,0.5014967615522778
6029,0.5134902556899563
6031,0.5560206095444973
6033,0.5010442968920478
6035,0.6683412467452903
6037,0.49264393844908166
6039,0.4821753804173983
6041,0.4894928952695772
6043,0.5020518297824498
6045,0.5006282555058028
6047,0.5045834359664247
6049,0.5078397212543554
6051,0.5168245440407182
6053,0.5118534407304624
6055,0.4975088206992409
6057,0.4937404889925941
6059,0.4940840526958806
6061,0.4879573004259037
6063,0.5065907413265844
6065,0.49758967673209076
6067,0.48922182078164483
6069,0.4999044425526
6071,0.49745485063030814
6073,0.5022949983494132
6075,0.5089531770546516
6077,0.497350942906257
6079,0.5097444280098511
6081,0.4920538885126968
6083,0.5012802569691408
6085,0.5026387081544352
6087,0.49656488833101853
6089,0.49094678722714624
6091,0.49817941079112876
6093,0.4972092493450279
6095,0.4976617898171005
6097,0.4904621090010059
6099,0.49499684280586387
6101,0.49711801946518003
6103,0.49862237142133264
6105,0.5143198983025499
6107,0.500901916821024
6109,0.5217921929029753
6111,0.4953230903163886
6113,0.486865714836967
6115,0.5079183517845228
8001,0.5031918099514862
8003,0.49001167865265227
8005,0.49169502391872566
8007,0.5094463610974207
8009,0.4798703053228857
8011,0.6863443596268024
8013,0.502512643856118
8014,0.49547768497009836
8015,0.5351466491889235
8017,0.524975024975025
8019,0.5170753064798599
8021,0.49836343799248395
8023,0.5210834962301033
8025,0.5665645829580256
8027,0.4991866139902394
8029,0.5013569868272986
8031,0.49985068975177555
8033,0.5461868958109559
8035,0.49626026959937974
8037,0.5304131162507608
8039,0.5017396772165165
8041,0.5031113363785144
8043,0.5768762417483817
8045,0.5113532833415095
8047,0.5134701159678858
8049,0.5335507598362362
8051,0.5384320490703469
8053,0.4759725400457666
8055,0.5059981544140264
8057,0.5310861423220974
8059,0.4970181625943253
8061,0.45522898154477104
8063,0.5487468671679198
8065,0.5461831024178212
8067,0.507878605543229
8069,0.49765419024784197
8071,0.5148589946907537
8073,0.5863453815261044
8075,0.5421835096680043
8077,0.4960969736325879
8079,0.519781718963165
8081,0.5206983304109172
8083,0.4952918287937743
8085,0.49053044223937275
8087,0.49677351105469164
8089,0.4911156579797545
8091,0.4888646288209607
8093,0.5265921304589536
8095,0.51681537405628
8097,0.5301377726750861
8099,0.501593788312219
8101,0.4924188485565166
8103,0.5199642431466031
8105,0.4946785866326096
8107,0.522240108447005
8109,0.4995190766271241
8111,0.5396039603960396
8113,0.5274882751433038
8115,0.4816067653276956
8117,0.5498272287491361
8119,0.5066838046272494
8121,0.5176225234619395
8123,0.5027902032862395
8125,0.4737358861070201
9001,0.4868534856481447
9003,0.48473983296597445
9005,0.4924209893507386
9007,0.4895347077165259
9009,0.48210093896713613
9011,0.4999176382305031
9013,0.5010529918129887
9015,0.4955477994381544
10001,0.482074698098626
10003,0.48379584566709666
10005,0.48616028788916654
12001,0.48371083086170136
12003,0.526147042564953
12005,0.4950015112373327
12007,0.5565147118245601
12009,0.48870736699115414
12011,0.4854835629400071
12013,0.5467670201847417
12015,0.48688948806572446
12017,0.4824852850616524
12019,0.4909962161313362
12021,0.49205637205320574
12023,0.5173583458690971
12027,0.5651514718082216
12029,0.5435336523522466
12031,0.4847255951398549
12033,0.49684161043590674
12035,0.4785430082454382
12037,0.5847953216374269
12039,0.47378511114940547
12041,0.5264830508474576
12043,0.5514617239300783
12045,0.5850490972442192
12047,0.6023619312261201
12049,0.5431775156545798
12051,0.5296248989912155
12053,0.48039860647907145
12055,0.48810104954845007
12057,0.4878653817223943
12059,0.5348102877514642
12061,0.4813461565382946
12063,0.5546830265848671
12065,0.5297929285814903
12067,0.5982274741506647
12069,0.4834026165552017
12071,0.48993558594191433
12073,0.47527390966282607
12075,0.49343311318148714
12077,0.6196503918022905
12079,0.5269368359229003
12081,0.48313351506564767
12083,0.4800793323258445
12085,0.49468948319765677
12086,0.485108232457081
12087,0.5290971133450152
12089,0.49400369003690037
12091,0.5050640615490254
12093,0.5394472041778118
12095,0.49139693695643505
12097,0.4920065144414531
12099,0.4834450966996082
12101,0.4855514847023084
12103,0.47960389789549285
12105,0.4899134480975815
12107,0.49280565643226587
12109,0.4861778189505689
12111,0.4876565071561009
12113,0.5104241061724868
12115,0.4776118641560257
12117,0.4837039780860006
12119,0.5086589063695266
12121,0.4965477692395917
12123,0.5634119462199692
12125,0.6470936738858535
12127,0.4873371860104542
12129,0.5578900025700334
12131,0.5072704960747726
12133,0.5472410572901864
13001,0.4908508443286094
13003,0.49312756209307934
13005,0.5024059882373908
13007,0.4796476306196841
13009,0.4973468719292499
13011,0.5086714659685864
13013,0.5007082152974505
13015,0.4939212125996684
13017,0.4777135664015563
13019,0.4979757085020243
13021,0.47159854278627533
13023,0.47850305978346147
13025,0.4950140906134836
13027,0.49152650764213085
13029,0.48882386655002863
13031,0.4953858480921725
13033,0.48120137349502323
13035,0.5310727233951802
13037,0.5997842502696872
13039,0.5154048012440471
13043,0.4842715982231892
13045,0.48727741018695325
13047,0.4880305927342256
13049,0.534958111195735
13051,0.4827705968706363
13053,0.6664428403558839
13055,0.5153123885741452
13057,0.4920245724604327
13059,0.4751499110872172
13061,0.48646907216494845
13063,0.47586010762103625
13065,0.494625239287292
13067,0.48422058228450093
13069,0.5111271306653025
13071,0.49689292543021035
13073,0.487636192769669
13075,0.48141842306111665
13077,0.48865203573784255
13079,0.5108860355690247
13081,0.4733207514797975
13083,0.4862876254180602
13085,0.49592025757508934
13087,0.48794652640806485
13089,0.4765422688673253
13091,0.529508970727101
13093,0.5399146435317987
13095,0.4654592219483442
13097,0.48078669791971873
13099,0.46308724832214765
13101,0.4676383399209486
13103,0.4978217096833242
13105,0.47407483236935044
13107,0.48963969908934935
13109,0.46458294803033107
13111,0.4856793867407969
13113,0.48520546684459986
13115,0.4842204868512722
13117,0.49687621027742107
13119,0.48968792401628225
13121,0.48598388255752856
13123,0.5077947895232449
13125,0.48428895367670877
13127,0.4727866606314914
13129,0.4963051763316574
13131,0.4953452442261221
13133,0.4881513685628559
13135,0.49043101180819193
13137,0.47264916029131343
13139,0.4988718363524128
13141,0.5492624704425177
13143,0.48839488884999127
13145,0.49743714913351234
13147,0.4947446858577143
13149,0.4952225187225618
13151,0.47912175195733575
13153,0.48493596259402316
13155,0.5099914965986394
13157,0.49524584825789647
13159,0.48981093209740306
13161,0.49439626417611743
13163,0.4834493709539514
13165,0.49809459762385117
13167,0.5551357974269961
13169,0.4873686408239961
13171,0.47769680909793527
13173,0.5034124771700471
13175,0.47633963997828177
13177,0.5008982242796932
13179,0.5068371955857016
13181,0.4799222797927461
13183,0.4881239450204967
13185,0.49139157089476426
13187,0.4907991332751205
13189,0.47604485219164117
13191,0.4874705504390662
13193,0.5496618013527946
13195,0.4936950977614055
13197,0.5028035244307129
13199,0.4782363713199042
13201,0.47793126684636117
13205,0.521712644678444
13207,0.502916589262493
13209,0.5076940231935771
13211,0.47653631284916204
13213,0.48932768203852695
13215,0.49090545971989913
13217,0.47528861610404793
13219,0.48886627906976743
13221,0.49673202614379086
13223,0.4890705563093623
13225,0.4840877205936646
13227,0.5013449899125757
13229,0.4953522763282983
13231,0.49011902088479675
13233,0.4896760888026204
13235,0.41984469370146676
13237,0.49724667011813434
13239,0.4754944110060189
13241,0.49065535472765276
13243,0.5101845522898154
13245,0.4841051015693697
13247,0.4734928251688703
13249,0.4960583366180528
13251,0.4894410812332817
13253,0.46903865891207663
13255,0.48352198894681636
13257,0.4821233411397346
13259,0.6073619631901841
13261,0.47389353781539345
13263,0.48382126348228044
13265,0.48169668797210924
13267,0.5742233815508655
13269,0.4804189977383645
13271,0.5788255360623782
13273,0.47129056767610983
13275,0.47383098340174906
13277,0.4822860225071714
13279,0.4683204704152885
13281,0.48268518518518516
13283,0.48742975451049986
13285,0.4819289354843394
13287,0.5137922763252578
13289,0.4912445645786814
13291,0.490126582278481
13293,0.47877714113389624
13295,0.49439847697151645
13297,0.4878713704017355
13299,0.49690675475184054
13301,0.46052868189174606
13303,0.5035843156122204
13305,0.5132463555880983
13307,0.5036764705882353
13309,0.678984414278532
13311,0.48674031161167286
13313,0.49732253325085063
13315,0.5853767275969683
13317,0.4733259933940546
13319,0.48785425101214575
13321,0.4825108716203441
15001,0.5010340397530838
15003,0.5061371012154305
15005,0.49411764705882355
15007,0.5018008064168974
15009,0.5022286044646687
16001,0.5003077836939313
16003,0.5280927835051547
16005,0.4983732835749486
16007,0.5019363529213672
16009,0.5040713028169014
16011,0.5002532649151012
16013,0.5085175278051528
16015,0.5266521423384168
16017,0.5007305313397945
16019,0.49545403941069505
16021,0.5105373597299516
16023,0.5367508480964945
16025,0.5114068441064639
16027,0.49571940619642973
16029,0.5036721504112809
16031,0.5077666994736617
16033,0.48834628190899
16035,0.5532710280373832
16037,0.5122815304676429
16039,0.5161031518624641
16041,0.5064271333436581
16043,0.5157976052529935
16045,0.5014643476181938
16047,0.5182826757697105
16049,0.5254413928396273
16051,0.5054120633024783
16053,0.5059815476978766
16055,0.4944500365401321
16057,0.5132110905344427
16059,0.5048780487804878
16061,0.49449108079748166
16063,0.508745247148289
16065,0.5031385167211732
16067,0.5071255979091671
16069,0.49516076321677266
16071,0.5142520612485276
16073,0.5159274903203097
16075,0.5047577092511013
16077,0.5057560470831717
16079,0.5030626044069684
16081,0.5229946524064171
16083,0.4945752712364382
16085,0.5204732510288066
16087,0.506932668329177
17059,0.47725162488393685
17061,0.5034069026810842
17063,0.4988961155200191
17065,0.49110790675318433
17067,0.4935959013768812
17069,0.5165562913907285
17071,0.4867935245668844
17073,0.4962011105988012
17075,0.48848655904725846
17077,0.5019484664225484
17079,0.4987026466009341
17081,0.5136865571050858
17083,0.4887513812154696
17085,0.5024780104478278
17087,0.5664510094317562
17089,0.49761090979755607
17091,0.4915657497259871
17093,0.49678429804392016
17095,0.5019765121277249
17097,0.49887465891210386
17099,0.5014079002300607
17101,0.5998799879987999
17103,0.5288491734947326
17105,0.5041789381517153
17107,0.5072105755107491
17109,0.48904995470024054
17111,0.49808528844308086
17113,0.4868352646233118
17115,0.4792981235060856
17117,0.49470583212364444
17119,0.4890146471371505
17121,0.48956420535367906
17123,0.4932227059886634
17125,0.4951153900608806
17127,0.48241875332978157
17129,0.4883038617080327
17131,0.4963059539330726
17133,0.4905334088672888
17135,0.5207169142701377
17137,0.5055936690483646
17139,0.48911368660815974
17141,0.4981773765673607
17143,0.48444781735003634
17145,0.5305823016964695
17147,0.49536223097908455
17149,0.49882309217046583
17151,0.5176633571923344
17153,0.4885028104241185
17155,0.5053246307110958
17157,0.5413529287247876
17159,0.4969926210702548
17161,0.49212766969509586
17163,0.48207872553168385
17165,0.4856554896501634
17167,0.48012220123005184
17169,0.5326220763233483
17171,0.48672566371681414
17173,0.49794257291431154
17175,0.4934289127837515
17177,0.4840321715817694
17179,0.4936734047178641
17181,0.49831918409207454
17001,0.4871125952207033
17003,0.49348180336773495
17005,0.5073644082481372
17007,0.4991922155577427
17009,0.6381396705059047
17011,0.4903414920123113
17013,0.5057011402280456
17015,0.49973201125552724
17017,0.5109400935566621
17019,0.4988870853299379
17021,0.5110526315789473
17023,0.48443591806423664
17025,0.49249006037402443
17027,0.513406628173693
17029,0.4817391632256726
17031,0.4845405988435169
17033,0.5157361445166573
17035,0.5034268482134698
17037,0.4936987876754995
17039,0.5034781547473761
17041,0.49041662463431857
17043,0.49039995184928825
17045,0.4886060471320587
17047,0.49390885847495863
17049,0.49965047186298495
17051,0.5250271051680521
17053,0.49541019154318755
17055,0.4927193026653902
17057,0.5187897475428792
17183,0.49647869798924943
17185,0.48789907312049435
17187,0.48590475114400317
17189,0.5009338036937124
17191,0.49537903956508605
17193,0.484375
17195,0.49206431986093
17197,0.49650801540946937
17199,0.49646161409990913
17201,0.48814380988779055
17203,0.4952181250958932
18001,0.4936781940996478
18003,0.48782373511843347
18005,0.4973580917874396
18007,0.49897166361974404
18009,0.4933472266752164
18011,0.4957280494455554
18013,0.5010325761108521
18015,0.4970020985310283
18017,0.500129951138372
18019,0.49079792544685064
18021,0.49010717230008244
18023,0.4923100350236029
18025,0.5048626192049853
18027,0.5008176236462929
18029,0.498520501620403
18031,0.4948551829268293
18033,0.4978209145091757
18035,0.47977159415349213
18037,0.4992315149795465
18039,0.4941824251937115
18041,0.494131998485677
18043,0.48476943346508566
18045,0.5010066319279962
18047,0.4990625681273163
18049,0.4996346275636966
18051,0.5006237376737555
18053,0.4788376683697167
18055,0.49666311138198993
18057,0.4884723650277277
18059,0.48935901749663524
18061,0.499923527912312
18063,0.49855639195750645
18065,0.5162373336588939
18067,0.4822811574941098
18069,0.49144128258687575
18071,0.49948241356306505
18073,0.4960236785458024
18075,0.4913196894848271
18077,0.4786922626567652
18079,0.5027567317611069
18081,0.49208692368430085
18083,0.5061215910882245
18085,0.4984419681212572
18087,0.5050152294927004
18089,0.4835515341866085
18091,0.5173885693745507
18093,0.49410660496791375
18095,0.5005219527172244
18097,0.48186887033308684
18099,0.49689110344533877
18101,0.5043851101149873
18103,0.5380133108723868
18105,0.49738771382826324
18107,0.5076495860840406
18109,0.4947624742446292
18111,0.5050864338052216
18113,0.5011147099650864
18115,0.4997513674788662
18117,0.4959695817490494
18119,0.5051434503586258
18121,0.4733734728473724
18123,0.5360564541052848
18125,0.5023252147867896
18127,0.49203337936002883
18129,0.49704697461571556
18131,0.5076262742392887
18133,0.530332005312085
18135,0.48784966401000157
18137,0.49154201034530964
18139,0.49520334294626567
18141,0.4844113663066987
18143,0.4913173275028382
18145,0.4927656893409239
18147,0.5061852704257768
18149,0.4929272829519401
18151,0.5071643271952607
18153,0.5466344559708209
18155,0.5183809523809524
18157,0.5104447588310712
18159,0.4993257561163552
18161,0.5043156596794082
18163,0.4835001792559499
18165,0.49085750315258514
18167,0.5075553256733292
18169,0.49119228629705175
18171,0.4970718298075774
18173,0.49464710222149355
18175,0.49649122807017543
18177,0.48513246692010725
18179,0.4932004604979134
18181,0.49643267180580614
18183,0.5000600060006001
19001,0.4938055480743334
19003,0.4989722507708119
19005,0.5098862019914652
19007,0.4974346830846949
19009,0.48696541148406886
19011,0.4994768050226718
19013,0.48836946021011957
19015,0.5016476648611795
19017,0.4932148824320469
19019,0.4965234784265168
19021,0.5128005071439021
19023,0.49639182146198046
19025,0.5108936856969941
19027,0.48795385137427894
19029,0.49013980868285506
19031,0.4905034013605442
19033,0.4895011614268301
19035,0.4995359824517
19037,0.5022051617118589
19039,0.5049568965517242
19041,0.49180625264558264
19043,0.4996068740873863
19045,0.49184327509562703
19047,0.5035937862276837
19049,0.49011910484430915
19051,0.49130633722260353
19053,0.4988483452539702
19055,0.49871479979436795
19057,0.48773875845602865
19059,0.5003830965992809
19061,0.494244364273351
19063,0.49279015831400624
19065,0.5021127786682209
19067,0.4958255451713396
19069,0.49985699304032793
19071,0.4957782155924571
19073,0.4884456071506431
19075,0.49125493672926573
19077,0.4951582867783985
19079,0.48813492841733674
19081,0.5026144969347277
19083,0.49611912838498246
19085,0.4956107002142808
19087,0.5106573705179283
19089,0.49526016431430375
19091,0.4880090965474468
19093,0.5036062791684345
19095,0.49541116005873714
19097,0.49729204986715714
19099,0.5094755758862931
19101,0.5185933710590137
19103,0.4973607963510141
19105,0.5191634241245137
19107,0.5032552715965407
19109,0.49928010471204187
19111,0.5023325511040742
19113,0.4931083825701625
19115,0.5102475379291989
19117,0.5012026113847211
19119,0.5076345645312633
19121,0.49833802096650476
19123,0.5001786033220218
19125,0.497082531280077
19127,0.506078804745862
19129,0.5051137128246534
19131,0.4960973796692065
19133,0.49713908450704225
19135,0.5173706573356661
19137,0.4811275680840898
19139,0.4989630181996132
19141,0.500141924496168
19143,0.5020125583641926
19145,0.51545338441890165
19147,0.5015204170286707
19149,0.49366273689293044
19151,0.4978251718815771
19153,0.4918042571440572
19155,0.4929248066256853
19157,0.4804597701149425
19159,0.48883619837976683
19161,0.49173349173349173
19163,0.4908232055249009
19165,0.4908272181454303
19167,0.5043322031933698
19169,0.5187848609834804
19171,0.4941358201270096
19173,0.5047481088041204
19175,0.4783300198807157
19177,0.5111679224973089
19179,0.4930765963471613
19181,0.4906398552858525
19183,0.49266475904982515
19185,0.4843358395989975
19187,0.5146266255530232
19189,0.49199170906350104
19191,0.4973185213560621
19193,0.49203160050716865
19195,0.4929260875314029
19197,0.49829931972789115
20109,0.5034013605442177
20111,0.4859841013687168
20113,0.4960686448789826
20115,0.49528071602929213
20117,0.49955022488755624
20119,0.515172256445357
20121,0.49244371023005384
20123,0.5095298602287166
20125,0.49294991809033467
20127,0.4965217391304348
20129,0.5305859626529298
20131,0.5027069593463923
20133,0.4904706813615052
20135,0.5073123171920702
20137,0.5692307692307692
20139,0.4986318407960199
20141,0.49550502379693284
20143,0.5181878306878307
20145,0.5738677470698886
20147,0.4882748591165243
20149,0.4954254143646409
20151,0.5003593798131225
20153,0.5080550098231827
20155,0.5036373286708921
20157,0.49001248439450684
20159,0.5045935690033952
20161,0.5332035936125403
20163,0.4892016968762052
20165,0.5003140703517588
20167,0.5031482541499713
20169,0.4942316318291917
20171,0.48681006493506496
20173,0.49538920772552014
20175,0.508679212855547
20177,0.4853852521365609
20179,0.5219280916633742
20181,0.48447307565246117
20183,0.49064171122994654
20185,0.5002314814814814
20187,0.46207538389948816
20189,0.5058905058905059
20191,0.4947119045604535
20193,0.4921135646687697
20195,0.4862758386987462
20197,0.508646562812634
20199,0.4946708463949843
20201,0.5073865634892719
20203,0.5217785843920145
20205,0.4940955744399073
20207,0.5001557147306135
20209,0.4940425108515851
20001,0.4923935478938919
20003,0.496580547112462
20005,0.4795887693140143
20007,0.5023060796645702
20009,0.48567465965911166
20011,0.49446394815014855
20013,0.48663967611336034
20015,0.502209041941536
20017,0.4952240999265246
20019,0.5125
20021,0.49336578846888124
20023,0.5041014168530947
20025,0.49184149184149184
20027,0.49222182638641493
20029,0.49791198201092196
20031,0.502009931425869
20033,0.5074626865671642
20035,0.5040050999196208
20037,0.5020608589456543
20039,0.5008605851979346
20041,0.49784791965566716
20043,0.5079526657335539
20045,0.5000565379630677
20047,0.5108659311267135
20049,0.4990682072307119
20051,0.49846514675956266
20053,0.5663026521060842
20055,0.5085503460533757
20057,0.5158149449789711
20059,0.49217566885411407
20061,0.5209992660450703
20063,0.506398537477148
20065,0.4851523332047821
20067,0.5062691914022518
20069,0.4921681780708986
20071,0.4991830065359477
20073,0.48803378695448146
20075,0.5189481825212684
20077,0.5040095546835011
20079,0.4887613032869241
20081,0.5031476997578692
20083,0.5012893243940175
20085,0.4975373134328358
20087,0.5085194200444492
20089,0.4990125082290981
20091,0.4892786698987675
20093,0.5377024291497976
20095,0.5039794608472401
20097,0.4909305993690852
20099,0.49306347396427214
20101,0.48805256869773
20103,0.5344190624720365
20105,0.4965123652504756
20107,0.48897984886649876
21001,0.4937407171652875
21003,0.4919675755342668
21005,0.48706401360231605
21007,0.49636627906976744
21009,0.4867792661619103
21011,0.4964935715478377
21013,0.48590339892665474
21015,0.4937528587592383
21017,0.4935791735372008
21019,0.495553692990167
21021,0.49703960800326663
21023,0.49887240356083085
21025,0.5024648664557427
21027,0.49573799910273664
21029,0.49439326412078843
21031,0.5025321386832878
21033,0.4826914080773429
21035,0.4823124967196767
21037,0.4903853511888494
21039,0.4819422150882825
21041,0.5161588180978762
21043,0.4941081753641221
21045,0.49247837532907107
21047,0.5244272441645653
21049,0.48977760327565417
21051,0.5359154929577464
21053,0.4958775029446408
21055,0.5015181088700933
21057,0.48670486264139856
21059,0.48475650127835557
21061,0.5020239570425444
21063,0.5624595469255663
21065,0.4917104172423321
21067,0.4912619280844356
21069,0.4936056105610561
21071,0.4928458692333566
21073,0.4875848768532283
21075,0.4934599813142323
21077,0.5006419983658223
21079,0.49081055607917057
21081,0.4961086339683827
21083,0.48698736067409737
21085,0.4980577670089612
21087,0.48928154991479056
21089,0.48548400361871863
21091,0.5130926289076018
21093,0.49894447079392534
21095,0.4886267605633803
21097,0.48825611325611323
21099,0.49395369014695517
21101,0.484007242003621
21103,0.49809123261080557
21105,0.475635593220339
21107,0.48589793198331827
21109,0.49786628733997157
21111,0.48255445489535054
21113,0.48954856143697345
21115,0.4884796573875803
21117,0.4933346420705859
21119,0.496375
21121,0.48687478386620137
21123,0.4911301152024878
21125,0.4900503757259293
21127,0.4952910688325643
21129,0.5270403146509341
21131,0.4935891606801855
21133,0.4914029825524904
21135,0.5002900652646846
21137,0.48277410400849047
21139,0.4935064935064935
21141,0.49469293508621653
21143,0.5460604617948107
21145,0.4788405088062622
21147,0.5479140047775124
21149,0.4946315789473684
21151,0.4851930380484168
21153,0.5019647122274443
21155,0.5068722422275194
21157,0.49199833231775764
21159,0.5557754730425144
21161,0.4897664199814986
21163,0.5042270946456802
21165,0.5169478164906196
21167,0.4937213007215819
21169,0.4949424136204306
21171,0.4964235949837436
21173,0.492067581992859
21175,0.5568215668751861
21177,0.5072343415631289
21179,0.4942778924692577
21181,0.48734982332155474
21183,0.49819239559526285
21185,0.5283722258356204
21187,0.49089720847726637
21189,0.46707105719237435
21191,0.49862202011850626
21193,0.49384829357012944
21195,0.4889964372418577
21197,0.49120269944564954
21199,0.48952620413294573
21201,0.49818840579710144
21203,0.4906740644552001
21205,0.4793290410030498
21207,0.4892184051163054
21209,0.4929052572840687
21211,0.4814630842176564
21213,0.4923746046091279
21215,0.5007111566251351
21217,0.4852558716440603
21219,0.49944107313957203
21221,0.4898245614035088
21223,0.49675509507002164
21225,0.5152596115735236
21227,0.4874401008827238
21229,0.49109991603694375
21231,0.4959573953038005
21233,0.4989144268922662
21235,0.4887131921551098
21237,0.4897397052747555
21239,0.48402259351423943
22001,0.4829721860270579
22003,0.5763068646941878
22005,0.49545922013631055
22007,0.48601292449147765
22009,0.49993959747759065
22011,0.510576684409388
22013,0.47900121628389497
22015,0.49367519428214873
22017,0.4754967771313721
22019,0.48786800553380266
22021,0.5275275275275275
22023,0.48792126453921864
22025,0.5350834390553333
22027,0.572390167678346
22029,0.5073597730940388
22031,0.4800296680882626
22033,0.47958353009961996
22035,0.5695240634582056
22037,0.5371946612943843
22039,0.5092691305377872
22041,0.48627737226277373
22043,0.5600125212413917
22045,0.48712434742622196
22047,0.5100665081705739
22049,0.5144950027934695
22051,0.4854513528173352
22053,0.49468728128777756
22055,0.48815198588505293
22057,0.4912899850216468
22059,0.5169474461373247
22061,0.4858603138397854
22063,0.49125413403608836
22065,0.49869451697127937
22067,0.4777136087664742
22069,0.477116704805492
22071,0.47827137161634875
22073,0.47862540043269197
22075,0.49476672740370353
22077,0.4781313894568406
22079,0.482979769332577
22081,0.48710115410726407
22083,0.484285508013669
22085,0.4973193665456945
22087,0.496943394465444
22089,0.488212162085146
22091,0.4856720281013126
22093,0.48157043879907624
22095,0.48610765154774577
22097,0.4799373303194479
22099,0.49196250423521437
22101,0.492973559626504
22103,0.4855531774777741
22105,0.48523341249223023
22107,0.4827304312282853
22109,0.4942701034219723
22111,0.49314338969511384
22113,0.48254102520724074
22115,0.5228104276240567
22117,0.49127931952916915
22119,0.48556023339980797
22121,0.4928858080992339
22123,0.5032303125545661
22125,0.663509568602011
22127,0.5285089195557051
23001,0.48976190254485863
23003,0.49413613313334764
23005,0.48593766929144866
23007,0.4913163607657391
23009,0.4884188956785832
23011,0.4851624942202259
23013,0.49548120736097473
23015,0.4881426396533552
23017,0.4953936713049233
23019,0.493453339155484
23021,0.49848449522033106
23023,0.48142026672745925
23025,0.49244818426818154
23027,0.4914562807881773
23029,0.4931191948060017
23031,0.4861479752806963
24001,0.5207412745244667
24003,0.49488546318974214
24005,0.47319246766849865
24009,0.4937634551789955
24011,0.4848290009491442
24013,0.4942189627576981
24015,0.496704590035308
24017,0.4826780313445147
24019,0.4777156205815455
24021,0.4931703214526894
24023,0.4952537483648073
24025,0.48921539487319554
24027,0.4904624895187676
24029,0.47091301510816647
24031,0.48149399867761644
24033,0.481177532660705
24035,0.494320987654321
24037,0.4986771762731038
24039,0.5446497305619707
24041,0.4712029418767692
24043,0.5095330608963623
24045,0.4763594315194402
24047,0.48560725169354996
24510,0.4713055101260495
25001,0.4760716314500433
25003,0.4825892580904647
25005,0.48420389932032354
25007,0.4952487095260441
25009,0.48149699744321195
25011,0.48857247273136173
25013,0.48203255697684605
25015,0.46831592632449814
25017,0.4874585185166144
25019,0.5294619173929519
25021,0.47901838100043476
25023,0.4870880577190722
25025,0.4832755537811018
25027,0.49301978580280786
26001,0.5033175355450237
26003,0.5506542845082313
26005,0.4981078901424178
26007,0.4911242603550296
26009,0.4980014612971161
26011,0.5065482365145229
26013,0.6058688147295742
26015,0.5026966710061372
26017,0.4921648015895331
26019,0.4993978321959053
26021,0.4887088998167968
26023,0.5156957854756784
26025,0.4885006306105794
26027,0.5035224822913459
26029,0.4937246498813806
26031,0.4978980147917478
26033,0.5482817602239154
26035,0.49374796483230216
26037,0.4934919706130941
26039,0.5055055775458798
26041,0.49498801481804316
26043,0.4953867445794249
26045,0.4877377908640312
26047,0.49376097886001574
26049,0.48205225621221814
26051,0.5026469550213717
26053,0.5406976744186046
26055,0.4924199450543339
26057,0.5304217011318592
26059,0.497466325956083
26061,0.5421713038734315
26063,0.49677918860328274
26065,0.4854263451044301
26067,0.5294237012987013
26069,0.4991142081020432
26071,0.4942209090119058
26073,0.4849509686000934
26075,0.5118021519914371
26077,0.489024428242039
26079,0.5089959373186302
26081,0.49120287829871984
26083,0.5209281164695178
26085,0.5103273236478207
26087,0.5040743469144897
26089,0.492237736542348
26091,0.507886594811025
26093,0.49979684816702874
26095,0.5848386598733982
26097,0.5060666425208258
26099,0.4863652158855443
26101,0.5181773720247799
26103,0.5053120653428428
26105,0.4975793249973878
26107,0.5030830696750652
26109,0.5047855968292786
26111,0.4916650722280685
26113,0.5109420870029356
26115,0.49233561115690394
26117,0.5155545679639388
26119,0.5103712371024359
26121,0.49622411550999224
26123,0.5029461367090716
26125,0.48564094597573165
26127,0.5061954325365053
26129,0.4991518235793045
26131,0.5142902508732932
26133,0.5047774812774383
26135,0.51468498342018
26137,0.49339298289217515
26139,0.492483597914592
26141,0.4987343714044642
26143,0.49813029749044374
26145,0.4846115869889403
26147,0.49607614583398263
26149,0.49619809249123265
26151,0.4960965392488218
26153,0.49493243243243246
26155,0.49403151360814895
26157,0.500606394707828
26159,0.49484412947406137
26161,0.4938123425550422
26163,0.48067841541926815
26165,0.5013892705566242
27001,0.5091230506976451
27003,0.5006021891346187
27005,0.5009656587603356
27007,0.5005062288154246
27009,0.49718263175339744
27011,0.48617062719127385
27013,0.5030326295585412
27015,0.4970265054546887
27017,0.5150805518720198
27019,0.49508436504205194
27021,0.508853746625057
27023,0.4923481981240744
27025,0.5169966935393989
27027,0.49396343566747153
27029,0.5060557586837294
27031,0.5009626492106276
27033,0.4887379642365887
27035,0.4989690394619972
27037,0.49095618622324066
27039,0.4999507146377526
27041,0.5005734571272529
27043,0.5035137034434294
27045,0.5011274768507412
27047,0.4953231705343561
27049,0.49804860167755566
27051,0.5007549068948163
27053,0.49239674196176914
27055,0.49994684244099513
27057,0.4997569748225916
27059,0.5039690829329434
27061,0.5059972659522864
27063,0.5047497796493977
27065,0.507467349871899
27067,0.5026858919988691
27069,0.5024553571428572
27071,0.500612838976559
27073,0.5020646447387157
27075,0.5070697674418605
27077,0.5145606482653836
27079,0.5055762081784386
27081,0.5024104683195593
27083,0.49877427137242697
27085,0.4962547855517949
27087,0.5043668122270742
27089,0.5070348037660002
27091,0.49385749385749383
27093,0.5047775519910069
27095,0.5029253361230579
27097,0.5055215096171349
27099,0.49912050373467254
27101,0.49560323601829054
27103,0.4984585625340023
27105,0.515977313598008
27107,0.5010460251046025
27109,0.4892763016351119
27111,0.5014692841369477
27113,0.5022678951098511
27115,0.5340885755356287
27117,0.4864229206756468
27119,0.5052778394142073
27121,0.5069419071976616
27123,0.4859360157448366
27125,0.5089879340064024
27127,0.5023214399287668
27129,0.5085360226748401
27131,0.5091699287981999
27133,0.4863536547108648
27135,0.511751520973423
27137,0.5026832114749683
27139,0.49845618327726077
27141,0.5095297618389177
27143,0.5066906331136409
27145,0.5033192437497952
27147,0.49051282753333514
27149,0.501074608535462
27151,0.504251968503937
27153,0.5109131038992888
27155,0.49518810148731407
27157,0.5040456480052383
27159,0.4956755578167018
27161,0.4802893688404278
27163,0.49427980702963475
27165,0.4946625655871178
27167,0.5081213607110021
27169,0.49173061527346573
27171,0.5027857425927221
27173,0.5122869599682918
28001,0.5070202320272679
28003,0.48902703716605483
28005,0.49493769470404986
28007,0.470612777053455
28009,0.4868949232585596
28011,0.46960328964884773
28013,0.4817093785921969
28015,0.5026117237376668
28017,0.48111091944109025
28019,0.48659324874311705
28021,0.4639871382636656
28023,0.4730473047304731
28025,0.4652596281867942
28027,0.4625405876296824
28029,0.4820372739531828
28031,0.4797390991731293
28033,0.48555040157545704
28035,0.47561855061822284
28037,0.4878452335497009
28039,0.5041551246537396
28041,0.5951588930568334
28043,0.4758927330832291
28045,0.49021412759988603
28047,0.4959952717712516
28049,0.46866687815710484
28051,0.476507564457703
28053,0.47617987533392697
28055,0.6545313710302091
28057,0.4967805210865208
28059,0.49180386135517073
28061,0.48577284784181335
28063,0.4854996045346691
28065,0.476007034586718
28067,0.48407932509227253
28069,0.49975516599745373
28071,0.48699407844593406
28073,0.4861000254733803
28075,0.48556969636236097
28077,0.4911012235817575
28079,0.500496695892541
28081,0.47613951738087396
28083,0.47756695012057365
28085,0.47901625197756365
28087,0.4768756595587866
28089,0.47821400770443706
28091,0.4868436171435137
28093,0.4924556822866566
28095,0.4774844505874222
28097,0.46894113149847094
28099,0.47998511149460293
28101,0.47163366108110605
28103,0.4797630799605133
28105,0.5013863969988582
28107,0.4824717074447968
28109,0.4940756576563519
28111,0.48609173709690656
28113,0.4741859014348097
28115,0.5030966346626471
28117,0.48908589440504335
28119,0.48331400592707124
28121,0.48247831508370753
28123,0.484430777930937
28125,0.44516129032258067
28127,0.48804788146418016
28129,0.48163867872301164
28131,0.5083991545221938
28133,0.5228762853355308
28135,0.5954275018383581
28137,0.48689072672884043
28139,0.49188355853813365
28141,0.48211269768155995
28143,0.46921828767777035
28145,0.4863183632375679
28147,0.4905194284951262
28149,0.47559350270720535
28151,0.468777147013071
28153,0.4866757440186734
28155,0.49174917491749176
28157,0.5263777421080792
28159,0.484462748034444
28161,0.48784427752200954
28163,0.553903478915123
29151,0.5226050298008431
29153,0.5073922617175213
29155,0.4734540561753658
29157,0.49727748691099477
29159,0.49084448655691104
29161,0.5231517466521575
29163,0.5547874925743911
29165,0.4930402381309292
29167,0.4896325585880991
29169,0.5686432273637333
29171,0.5013278855975485
29173,0.5027823879722737
29175,0.5235329222200119
29177,0.49845859927923236
29179,0.512617816965643
29181,0.4949964260185847
29183,0.4912928055922413
29185,0.5061974789915966
29186,0.5042801556420233
29187,0.5391001363429784
29189,0.47352163678798237
29195,0.49991428816319533
29197,0.4857792946530148
29199,0.4970244202749846
29201,0.488005939428074
29203,0.49428880605987735
29205,0.4961967955979932
29207,0.4859402754968663
29209,0.4894980079681275
29211,0.5069103194103194
29213,0.48544486976005974
29215,0.51665047600544
29217,0.48342753137273686
29219,0.5018914747450292
29221,0.5158096454806771
29223,0.49832051951929535
29225,0.5094303624965931
29227,0.4903938520653218
29229,0.4925470215187815
29510,0.4833758061978921
29001,0.4752347417840376
29003,0.49549861495844877
29005,0.49669117647058825
29007,0.45495093666369313
29009,0.5011756143984774
29011,0.49325990465230973
29013,0.4920386949468245
29015,0.49840882571337647
29017,0.5004855940433798
29019,0.4832991743280436
29021,0.5003182188675874
29023,0.48317850573909804
29025,0.5007156225916547
29027,0.5083696091190594
29029,0.49258997882851097
29031,0.48409916759013477
29033,0.48482849604221634
29035,0.4766072565245067
29037,0.4900129984818567
29039,0.49798445148286785
29041,0.49320261437908497
29043,0.48561257787006823
29045,0.5051307992484463
29047,0.4893970767621255
29049,0.5022929066250366
29051,0.5056772895352332
29053,0.5302108793270051
29055,0.4935117599351176
29057,0.5094512995536886
29059,0.5001207437816952
29061,0.5047722604808506
29063,0.6321389453919575
29065,0.49007173968741996
29067,0.49889020420242675
29069,0.48222546099740193
29071,0.4970145735946891
29073,0.49538399785924536
29075,0.48268238761974946
29077,0.48702711100753515
29079,0.4793291731669267
29081,0.5020637468470535
29083,0.4900608151039303
29085,0.49212640599892876
29087,0.49859154929577465
29089,0.49950893734040464
29091,0.4839061647572286
29093,0.494574694826584
29095,0.483616657242934
29097,0.4884625887493173
29099,0.4971499749522739
29101,0.5136737143384729
29103,0.4996282527881041
29105,0.4942276285408571
29107,0.4939846882974845
29109,0.5000522957849597
29111,0.5036374360990955
29113,0.4982544103992572
29115,0.4760906378517861
29117,0.4512032974338519
29119,0.5080613275930238
29121,0.48771021992238034
29123,0.48931537779211354
29125,0.5023738544772
29127,0.4802357836338419
29129,0.49919311457772997
29131,0.4917454720307742
29133,0.5384290540540541
29135,0.5238276058477311
29137,0.503110599078341
29139,0.496440237875869
29141,0.5032880098887516
29143,0.47949595350605617
29145,0.4952787655035133
29147,0.4981454325886311
29149,0.4908461608525367
30001,0.5075879883758476
30003,0.4982117038277148
30005,0.4978781448923916
30007,0.5100140548137737
30009,0.5005843396961434
30011,0.5077424612876935
30013,0.5006456328420027
30015,0.4982066609735269
30017,0.49828380075345335
30019,0.5068259385665529
30021,0.5257875066737854
30023,0.5368581044403431
30025,0.512921164540399
30027,0.5063655388908267
30029,0.4991053539476927
30031,0.5152061936783358
30033,0.47564469914040114
30035,0.4880046811000585
30037,0.48148148148148145
30039,0.5132575757575758
30041,0.5068086909156932
30043,0.518605459920014
30045,0.5212819228843265
30047,0.4918887402682032
30049,0.49699343605122637
30051,0.4896580835795694
30053,0.5023530020168588
30055,0.5353009259259259
30057,0.5255568430539462
30059,0.47576396206533195
30061,0.5033034450212365
30063,0.5030812925352339
30065,0.4987473903966597
30067,0.5026737967914439
30069,0.5237020316027088
30071,0.5005999520038397
30073,0.49436029648727037
30075,0.4932472108044627
30077,0.619068100358423
30079,0.5342565597667639
30081,0.49597040883815496
30083,0.5119475386273805
30085,0.5007225433526011
30087,0.48813088109495295
30089,0.5152476643751102
30091,0.5060606060606061
30093,0.507655793221222
30095,0.5063522825150732
30097,0.4877511698320947
30099,0.49571945999341455
30101,0.5706796116504854
30103,0.5320197044334976
30105,0.5017817077999208
30107,0.5139479905437352
30109,0.4918864097363083
30111,0.4910730552013117
31001,0.5034348959989823
31003,0.49784150477952516
31005,0.49776785714285715
31007,0.4865853658536585
31009,0.5317604355716878
31011,0.496929089893914
31013,0.5071618037135278
31015,0.5061304561059343
31017,0.4766081871345029
31019,0.49795654531048
31021,0.4924025876335189
31023,0.5041182170542635
31025,0.5019321766561514
31027,0.5067435158501441
31029,0.4855016679497049
31031,0.4724436741767764
31033,0.4922099831298998
31035,0.5053274835474773
31037,0.5174871697395932
31039,0.49724608944701476
31041,0.4955563784484355
31043,0.4856236176555438
31045,0.48172066549912435
31047,0.5044663259794757
31049,0.5020554984583762
31051,0.49727241732015004
31053,0.48893124574540503
31055,0.49223386744287695
31057,0.5186104218362283
31059,0.4951728980164999
31061,0.5030595813204509
31063,0.5075787019043918
31065,0.4861878453038674
31067,0.49468328902740855
31069,0.48875479978058145
31071,0.49249870667356443
31073,0.479251012145749
31075,0.5097529258777633
31077,0.4991922455573506
31079,0.5005592841163311
31081,0.5
31083,0.526604973973395
31085,0.5461254612546126
31087,0.5109412990621743
31089,0.49538372763993077
31091,0.48604992657856094
31093,0.5095320623916811
31095,0.4899771290192385
31097,0.5941552157925295
31099,0.492746984272408
31101,0.5
31103,0.5175808720112518
31105,0.49650537634408604
31107,0.48644226273959795
31109,0.5013888888888889
31111,0.4936761756184533
31113,0.48413631022326675
31115,0.49635036496350365
31117,0.5150115473441108
31119,0.49520093418017147
31121,0.4920267489711934
31123,0.511079195732458
31125,0.4962901896125309
31127,0.48563058035714285
31129,0.4953313595991801
31131,0.4949501325590203
31133,0.5069699192956714
31135,0.493844049247606
31137,0.4990234375
31139,0.5055679287305123
31141,0.5079345628331597
31143,0.49933598937583
31145,0.5006395030148
31147,0.4976222411900988
31149,0.4846538187009279
31151,0.517966573816156
31153,0.4998699702113575
31155,0.505331611916033
31157,0.4824719223639734
31159,0.5112366160724792
31161,0.4926331696259917
31163,0.49372384937238495
31165,0.5212169735788631
31167,0.49942443677026804
31169,0.4926669239675801
31171,0.5274074074074074
31173,0.4938093866973798
31175,0.500470145745181
31177,0.49247173816458506
31179,0.51342175066313
31181,0.4849878279686232
31183,0.5100354191263282
31185,0.4941772151898734
32001,0.5099785584694045
32003,0.5010517928130275
32005,0.5026555788315453
32007,0.5226911291261006
32009,0.45574057843996496
32011,0.4775314559616537
32013,0.5256342649557626
32015,0.5433905146316852
32017,0.5494801694262611
32019,0.503339334456124
32021,0.5328515111695138
32023,0.49686803519061584
32027,0.6627491817911336
32029,0.4790022906592008
32031,0.5029550433429344
32033,0.5671746541006617
32510,0.5131786645130502
33001,0.48962731171045876
33003,0.49906341422347567
33005,0.4861311003532644
33007,0.5091308440539692
33009,0.49276368072889265
33011,0.49558137692711374
33013,0.4921160924067309
33015,0.4944282054540712
33017,0.487766717489004
33019,0.4910629419265098
34001,0.4837640171983034
34003,0.4836818412444809
34005,0.4919987748470778
34007,0.4831464185406974
34009,0.48658211993111006
34011,0.5154137612634127
34013,0.480315408238158
34015,0.48589036093944843
34017,0.496822457551021
34019,0.49822574257425745
34021,0.4893358400051862
34023,0.4918390943032639
34025,0.48666131582920763
34027,0.48991954908950763
34029,0.4803462164709915
34031,0.48667977477175745
34033,0.4860718673218673
34035,0.48774969449855415
34037,0.4960666072774618
34039,0.487044960856064
34041,0.48620670359800794
35001,0.490513292667184
35003,0.5313982696064751
35005,0.49757639300420903
35006,0.5046015630706303
35007,0.5008848195737478
35009,0.5166247499851476
35011,0.449009900990099
35013,0.49223931240448116
35015,0.5077371003396776
35017,0.4939386654761496
35019,0.5788775961113566
35021,0.5168141592920354
35023,0.4981692870988585
35025,0.5136832528723826
35027,0.49661331593999297
35028,0.5116784659122582
35029,0.49832587034571785
35031,0.4821887078029136
35033,0.4776824034334764
35035,0.5110229951927493
35037,0.48470912853529546
35039,0.49125134546546845
35041,0.5061281896724935
35043,0.49137867943031954
35045,0.49566461285192553
35047,0.4963722617552672
35049,0.48705033036952444
35051,0.501248385708136
35053,0.5210357836972677
35055,0.48790334820750997
35057,0.5209108686053113
35059,0.5581931320580779
35061,0.5021167280495956
36081,0.48474212118433524
36083,0.4937085678549093
36085,0.48404697755042003
36087,0.4903519932145886
36089,0.5089410861433252
36091,0.49318508852681725
36093,0.4858652678363782
36095,0.49967098047817504
36097,0.5030961434003259
36099,0.5271739130434783
36101,0.495484721025693
36103,0.49235599681091907
36105,0.5108345342591379
36107,0.4939142213988326
36109,0.49227288045833134
36111,0.49734693877551023
36113,0.49059527462411784
36115,0.5178787878787878
36117,0.49478445290858725
36119,0.48277551779926914
36121,0.5414756550692468
36123,0.48719577559852306
36001,0.4838826135177241
36003,0.5057832327855211
36005,0.47078356461304843
36007,0.4915014664829146
36009,0.4950355867379246
36011,0.5124979475326185
36013,0.49587624202765257
36015,0.49594978870925716
36017,0.4980524329451654
36019,0.5154801983228254
36021,0.5023554948146958
36023,0.48775564300715696
36025,0.5013752372017655
36027,0.49730237633365665
36029,0.4836900380214934
36031,0.521253083881579
36033,0.5509555382215289
36035,0.49842508149287623
36037,0.49811631740051804
36039,0.5173869846000994
36041,0.5054621848739496
36043,0.4934566011806228
36045,0.5201896643042699
36047,0.47355620383167923
36049,0.5056407609497124
36051,0.5010570824524313
36053,0.49217833128529415
36055,0.4831094966878226
36057,0.4922557705056349
36059,0.48481631640646916
36061,0.4721882139812839
36063,0.4864487508755545
36065,0.4980946916825799
36067,0.48296832826540026
36069,0.4906403399516448
36071,0.5004821729215949
36073,0.4976068619088238
36075,0.5008210722626111
36077,0.4865388687112168
36079,0.49852243486651654
37001,0.47674838011567844
37003,0.5124603046450293
37005,0.49637980020163136
37007,0.5239334226133537
37009,0.49380393892454083
37011,0.5466515964961853
37013,0.47612539685877087
37015,0.5082854079344965
37017,0.47497119815668204
37019,0.4861635871159188
37021,0.48092473396513247
37023,0.49692902130700856
37025,0.4880106171201062
37027,0.4914259155067394
37029,0.503296919594528
37031,0.49072228410623203
37033,0.5053508241995339
37035,0.4901623439622275
37037,0.48940398333110885
37039,0.48970175697622914
37041,0.4802811135371179
37043,0.4768205705705706
37045,0.47939862931939325
37047,0.4927310850952298
37049,0.5050741981809478
37051,0.4875802133683299
37053,0.4981626653601176
37055,0.4918108022832229
37057,0.49008037005620414
37059,0.4871763939488986
37061,0.4924898659445276
37063,0.4796705180096739
37065,0.46477930535455864
37067,0.4746187279503655
37069,0.4962918967509953
37071,0.48438326652590236
37073,0.4939440464005459
37075,0.4888505747126437
37077,0.5093014851399955
37079,0.5391504126031508
37081,0.4750800670135744
37083,0.47971239725129666
37085,0.4929295366795367
37087,0.48399526787223257
37089,0.48435548993337524
37091,0.4937623112278398
37093,0.4934312285854136
37095,0.5440014052344985
37097,0.4924151551500612
37099,0.49139958835636577
37101,0.4913114643826095
37103,0.4884910485933504
37105,0.48958228146352956
37107,0.475876969140213
37109,0.49553896805649805
37111,0.504793042859367
37113,0.4851263303753059
37115,0.4975032101583678
37117,0.47140629609338786
37119,0.48144075258914576
37121,0.4900195694716243
37123,0.4852360421723851
37125,0.4802764243593517
37127,0.4805747344861806
37129,0.48231506727172896
37131,0.4837466089191376
37133,0.5416292523115269
37135,0.47747468336170334
37137,0.5149437682945617
37139,0.490354340546754
37141,0.5002356523945909
37143,0.47429248777596683
37145,0.48616983342672304
37147,0.47184087273731573
37149,0.4825109460323707
37151,0.49389618599424034
37153,0.4877513790557269
37155,0.48396616025683803
37157,0.48269772481040085
37159,0.49406263325648125
37161,0.48548568010169746
37163,0.49156920764642337
37165,0.4946565735277747
37167,0.500511669362559
37169,0.4894237157369109
37171,0.4898592319256526
37173,0.4806891195368213
37175,0.48533163265306123
37177,0.5811657032755299
37179,0.49432579584110353
37181,0.46808985255080415
37183,0.48663704292641846
37185,0.5040062536642564
37187,0.4600568361225134
37189,0.4983728943338438
37191,0.49138353906155763
37193,0.4929945174484379
37195,0.4753067503462816
37197,0.49263911932790816
37199,0.4863099295614633
38001,0.5057667663391713
38003,0.4977921960890331
38005,0.5147188695908155
38007,0.6006191950464397
38009,0.5263792583659934
38011,0.4843216392424713
38013,0.5475543478260869
38015,0.4965711889189894
38017,0.5040307692307693
38019,0.503598971722365
38021,0.5024061597690087
38023,0.5056179775280899
38025,0.5294398092967819
38027,0.46919831223628694
38029,0.5018769852728848
38031,0.49732620320855614
38033,0.4774972557628979
38035,0.513765058930979
38037,0.4953429297205758
38039,0.5032202662086732
38041,0.47768027470431135
38043,0.5263374485596708
38045,0.5224896669097983
38047,0.48483290488431874
38049,0.5236376138903215
38051,0.48604566872055094
38053,0.5280291211648466
38055,0.5060840122738335
38057,0.5176647747017259
38059,0.5084353976194583
38061,0.5496595698692316
38063,0.515748031496063
38065,0.5189664650907092
38067,0.5126283652511796
38069,0.5051194539249146
38071,0.5094241743039944
38073,0.5112781954887218
38075,0.5050741608118657
38077,0.5156585156585156
38079,0.49110222099599943
38081,0.5260712441920495
38083,0.49962602842183995
38085,0.5057077625570776
38087,0.5586924219910847
38089,0.519037306133855
38091,0.5224861040929762
38093,0.5075441260201177
38095,0.492153443766347
38097,0.5016714126532128
38099,0.5120399818264425
38101,0.5178339435455297
38103,0.5045195052331113
38105,0.542422093926196
40001,0.4991005576542544
40003,0.6001737619461338
40005,0.5254566374226952
40007,0.4942133815551537
40009,0.5371244635193133
40011,0.5340468909276249
40013,0.48660318614639914
40015,0.5200542464824547
40017,0.4958278192926707
40019,0.48439370793939146
40021,0.49408487015822194
40023,0.4843915343915344
40025,0.49722340879965826
40027,0.4992368230993172
40029,0.4907088781830695
40031,0.5185810676247301
40033,0.4977094240837696
40035,0.5117335865436787
40037,0.4958098387529854
40039,0.5008972323831873
40041,0.49421623318602237
40043,0.5075056549455069
40045,0.4976947342877942
40047,0.4968806277334705
40049,0.4922964851575305
40051,0.49559800044766095
40053,0.4932477307947753
40055,0.5836194212849436
40057,0.49127704117236565
40059,0.5002655337227828
40061,0.4950194552529183
40063,0.5404425099746101
40065,0.49458857844642307
40067,0.5063950734249171
40069,0.4904735982580294
40071,0.49479018141136727
40073,0.5
40075,0.494409804343152
40077,0.5069612028958604
40079,0.501933906491112
40081,0.4976524460932066
40083,0.4943474254377093
40085,0.4907378660871365
40087,0.4989318580192813
40089,0.4906013336149413
40091,0.49373767258382645
40093,0.5005194805194805
40095,0.4982515299113276
40097,0.49674445826322333
40099,0.497487803102017
40101,0.4889354066985646
40103,0.48896228054927865
40105,0.4936996684036002
40107,0.53763879817113
40109,0.489227017283427
40111,0.49698321756325103
40113,0.5008532068090066
40115,0.4908835904628331
40117,0.5008788411418874
40119,0.5111365725293681
40121,0.5084184070638998
40123,0.4886348705820523
40125,0.476636302294197
40127,0.4902013183680741
40129,0.49947089947089945
40131,0.49730911537167843
40133,0.48859934853420195
40135,0.4945494887131005
40137,0.48672052850064723
40139,0.5252918287937743
40141,0.5123784834737525
40143,0.48736072898200805
40145,0.49306946452494327
40147,0.4832109737248841
40149,0.5006438320885913
40151,0.543673198272999
40153,0.5323549032688459
41001,0.5085347620234238
41003,0.5043528527660558
41005,0.4920911672718122
41007,0.49558611096249533
41009,0.4999898762882423
41011,0.4910872162485066
41013,0.4939874021759878
41015,0.48697287134031697
41017,0.49290609883448766
41019,0.49379629456872587
41021,0.4992033988316516
41023,0.49395272127542605
41025,0.5024208050906073
41027,0.49786803815552333
41029,0.48662670435729954
41031,0.5128054032002176
41033,0.489563476363462
41035,0.49740799126902324
41037,0.5357051772507013
41039,0.49143001176272894
41041,0.48656870994886403
41043,0.4942633078649419
41045,0.5465287551962292
41047,0.49776495008646315
41049,0.517672259907176
41051,0.494164634352657
41053,0.48109080554980327
41055,0.5030640668523677
41057,0.5062917813605977
41059,0.5213062628684615
41061,0.49190134006603226
41063,0.49117689951874
41065,0.4956064647732622
41067,0.49215763830208015
41069,0.48516320474777447
41071,0.501082882544329
42001,0.494335098804131
42003,0.48126825028733417
42005,0.49700642845584664
42007,0.4843242924875578
42009,0.49920547610316585
42011,0.4910125252134842
42013,0.48769454637479437
42015,0.4928006685093527
42017,0.49016012244187923
42019,0.4934487234031095
42021,0.49318056263048765
42023,0.49825426165537073
42025,0.4929294179533991
42027,0.5232634026726143
42029,0.4917074835669884
42031,0.48704820803974247
42033,0.5204873191301034
42035,0.4864694299994951
42037,0.4809451219512195
42039,0.4887397959767812
42041,0.4932091273966872
42043,0.4837436461153696
42045,0.4798293699471054
42047,0.49591966847306346
42049,0.49277490727440343
42051,0.4918910501219865
42053,0.7322253000923361
42055,0.4902846636241258
42057,0.5039471893289779
42059,0.518003057620328
42061,0.528994031281314
42063,0.503464360885147
42065,0.49691661453212976
42067,0.4987715977284627
42069,0.48279997563934995
42071,0.4892779546448994
42073,0.48273928355128864
42075,0.4888934716002828
42077,0.4868313357028333
42079,0.49199768818631967
42081,0.4911191880400494
42083,0.5136880887976868
42085,0.4919701699618453
42087,0.4921478307445099
42089,0.4932422370607752
42091,0.4857350209724836
42093,0.48379079317052087
42095,0.48981362811064827
42097,0.5055528370529541
42099,0.5031197320314381
42101,0.47233890134990536
42103,0.4988169232942506
42105,0.5004316049951085
42107,0.5091623394370046
42109,0.49513059981021823
42111,0.5180965059973635
42113,0.5198244789217991
42115,0.5031036842974816
42117,0.4964998581023555
42119,0.5506250278037279
42121,0.49129966979557005
42123,0.5004638445388409
42125,0.4886181360637
42127,0.5309631695131869
42129,0.48782425515777117
42131,0.5021494297793726
42133,0.4942978665332302
44001,0.48084431429965835
44003,0.48285018004582986
44005,0.4906548274318619
44007,0.4841662978877294
44009,0.4848384162018907
45001,0.49237908549025883
45003,0.4839178075505772
45005,0.5311038829030291
45007,0.48263473053892214
45009,0.47686625194401244
45011,0.4656530002715178
45013,0.4930754871076887
45015,0.4985099141070073
45017,0.4838213664928466
45019,0.4844517623838843
45021,0.48515117340636915
45023,0.4884506696154319
45025,0.48850450294423275
45027,0.49034466615951783
45029,0.4787917061361962
45031,0.4724684196578428
45033,0.4732940989343089
45035,0.4864358508046529
45037,0.5378221113881961
45039,0.4786221222087589
45041,0.4676353647075833
45043,0.47578088885953906
45045,0.4859518680656892
45047,0.46676986140373505
45049,0.515850144092219
45051,0.48621745261926874
45053,0.5026178010471204
45055,0.48475813908995247
45057,0.4898047081697698
45059,0.4859841238759433
45061,0.5222360652185689
45063,0.48843680503061976
45065,0.5499747347145023
45067,0.45941492834271147
45069,0.5333476226199407
45071,0.487529848766251
45073,0.49333546811832046
45075,0.47099089152635937
45077,0.4980769871133162
45079,0.48556543243385886
45081,0.5103
45083,0.48549649773382775
45085,0.4799910927192258
45087,0.4788266666666667
45089,0.48637102112040437
45091,0.48265132707975805
46003,0.5159399047270062
46005,0.49933949801849403
46007,0.4825479930191972
46009,0.5779267075431341
46011,0.5094111238879138
46013,0.48846558066211243
46015,0.49174484052532835
46017,0.5039254170755643
46019,0.49417022930431403
46021,0.4722222222222222
46023,0.4976729083234116
46025,0.5092413793103449
46027,0.5002498037256441
46029,0.5033873873873874
46031,0.5116895637503013
46033,0.49976173457231354
46035,0.5034113306716531
46037,0.5040939836240655
46039,0.5185441142593873
46041,0.4871840831690267
46043,0.49209552640430543
46045,0.492284718765555
46047,0.5072400810889082
46049,0.5247986434930055
46051,0.5229002352290023
46053,0.5094652153336489
46055,0.5060009601536246
46057,0.5050150451354062
46059,0.5060740740740741
46061,0.5100413467217956
46063,0.5210843373493976
46065,0.48625901751975265
46067,0.49626349294215333
46069,0.4968152866242038
46071,0.49274019153537224
46073,0.4736582964057115
46075,0.499359795134443
46077,0.5071470530644214
46079,0.5087704782392851
46081,0.49511057009535403
46083,0.4977543409391667
46085,0.528277299973938
46087,0.5008017103153394
46089,0.5148033583738401
46091,0.5196766645394597
46093,0.5239755884917175
46095,0.49952061361457334
46097,0.5082393755420642
46099,0.5010450313509405
46101,0.5011647771393073
46102,0.4810994135518971
46103,0.5005514445963143
46105,0.50519959745052
46107,0.4759427828348505
46109,0.5007753440589261
46111,0.523300555793074
46115,0.5057838660578386
46117,0.5047265361242403
46119,0.5602450646698435
46121,0.48903641118487223
46123,0.5050872093023255
46125,0.503011322572874
46127,0.5037057000404258
46129,0.489171974522293
46135,0.5211168050892384
46137,0.49099894105188846
47105,0.4865316848832348
47107,0.4859063726050356
47109,0.48592115848753015
47111,0.4924651816704011
47113,0.4735496618593661
47115,0.4896841659012224
47117,0.4922815237972977
47119,0.4823579778567946
47121,0.4912086036189826
47123,0.5006292363058309
47125,0.49831702333584255
47127,0.4838608093213667
47129,0.5574928879508122
47131,0.48009894310771306
47133,0.49221719457013574
47135,0.5020345879959308
47137,0.4914655679811654
47139,0.5015880625636723
47141,0.49184392358758977
47143,0.49459776501821323
47145,0.4894661600391257
47147,0.4907009165603773
47149,0.4935482272666143
47151,0.48945243387923604
47153,0.4915021929824561
47155,0.48993238407554185
47157,0.47684457478005865
47159,0.49534908026755853
47161,0.5018816799638718
47163,0.4841660712462999
47165,0.4882061984518609
47167,0.49463307066186724
47169,0.49949264332825977
47171,0.49504676517792906
47173,0.49753875157100963
47175,0.49874910650464616
47177,0.4948394352117956
47179,0.4864064731840054
47181,0.5500976504704977
47183,0.4865029783524626
47185,0.48929605363400885
47187,0.48761631638055514
47189,0.4898934215361999
47001,0.4850192231207742
47003,0.49343278389074935
47005,0.49258963163397085
47007,0.5609381850065761
47009,0.48416781161133654
47011,0.4866061805569164
47013,0.4842443249701314
47015,0.4919852034525277
47017,0.4873558353613374
47019,0.4892081277111396
47021,0.49599208563746133
47023,0.4789309628261372
47025,0.48998362101549703
47027,0.4910025706940874
47029,0.4881232128195691
47031,0.4864541236341865
47033,0.473013698630137
47035,0.48772082499347313
47037,0.4822765472144521
47039,0.4866506931370871
47041,0.4997898938964177
47043,0.49060865430337613
47045,0.4841015399169601
47047,0.4929406915030659
47049,0.4898220958117227
47051,0.48728669356799065
47053,0.4756112321471799
47055,0.48917061038377835
47057,0.4978008444757213
47059,0.4879695520298647
47061,0.49445430346051467
47063,0.48719820949538883
47065,0.4820507811938952
47067,0.493676603432701
47069,0.5445853807183941
47071,0.4872200772200772
47073,0.48912448096121564
47075,0.4682156948706708
47077,0.48066968907293045
47079,0.4852025163469584
47081,0.5248527776633859
47083,0.49433051869722555
47085,0.49605263157894736
47087,0.5059151009046625
47089,0.4929700895408649
47091,0.5352167397457956
47093,0.4860964829367973
47095,0.642253154676727
47097,0.521238195938309
47099,0.4915691753895704
47101,0.5036838580040187
47103,0.48974664679582713
48001,0.6124320124320124
48003,0.5101043219076006
48005,0.48874048411359805
48007,0.4952659311707558
48009,0.49823442305501764
48011,0.5028306742151313
48013,0.49727948990435705
48015,0.498026725749498
48017,0.5181027224249228
48019,0.4994710521254087
48021,0.5095778967614493
48023,0.48649393605292174
48025,0.6038764199761169
48027,0.49903233028974886
48029,0.49174966666703185
48031,0.5034038981628276
48033,0.5134751773049645
48035,0.49262701018307276
48037,0.5046857388223928
48039,0.5070099867064969
48041,0.5069396066663094
48043,0.4801299404439632
48045,0.5215568862275449
48047,0.5184877440797674
48049,0.4960748552850686
48051,0.49794714624414504
48053,0.49589978252990213
48055,0.5059343787328132
48057,0.5003230868642112
48059,0.4888412651492758
48061,0.48231713590479175
48063,0.4877756471716203
48065,0.482201713909031
48067,0.48526114481667104
48069,0.5099396074484147
48071,0.5017583420579314
48073,0.5100553090859343
48075,0.5737356566085848
48077,0.5024334383051818
48079,0.5075175409288339
48081,0.5148239654107474
48083,0.4947282099343955
48085,0.4908984418039584
48087,0.48724656638325703
48089,0.49289396348219877
48091,0.4947422094422897
48093,0.4898333700359686
48095,0.667156142927068
48097,0.4935115193106473
48099,0.49496899957965534
48101,0.5205298013245033
48103,0.5006342494714587
48105,0.5012165450121655
48107,0.4870983852172465
48109,0.4895470383275261
48111,0.5349301397205589
48113,0.49324769426837717
48115,0.5663860581893368
48117,0.49316705637828007
48119,0.49511774842044803
48121,0.49205644318310693
48123,0.5255598831548198
48125,0.5357299430074529
48127,0.4853959932596892
48129,0.4921962095875139
48131,0.5215513518182603
48133,0.4899061545176779
48135,0.5026979679988232
48137,0.44805876180482684
48139,0.4938939754740287
48141,0.4886529217478146
48143,0.49182047503683907
48145,0.4705341757610569
48147,0.5277349768875192
48149,0.4936617167692865
48151,0.47330222913426645
48153,0.4888313370022661
48155,0.49373433583959897
48157,0.49134553894621397
48159,0.5078781017077083
48161,0.5223118554069233
48163,0.5902135623073536
48165,0.5051807993233242
48167,0.49455969730305066
48169,0.6625585023400936
48171,0.4876368217969919
48173,0.5550847457627118
48175,0.49298245614035086
48177,0.5017846519928614
48179,0.5331331853979028
48181,0.4880029320736276
48183,0.4897627823150238
48185,0.5497941471013686
48187,0.49374041544681446
48189,0.5164770166741776
48191,0.5010927255697784
48193,0.4887490926687636
48195,0.5013491635186185
48197,0.48471943887775554
48199,0.4934537246049661
48201,0.4973707419172236
48203,0.4907478507008748
48205,0.6160758046070903
48207,0.5709892362890825
48209,0.49796690733377635
48211,0.49113001215066826
48213,0.488483345145287
48215,0.48733607823079844
48217,0.49176760301234146
48219,0.4926249892805077
48221,0.4940098926106336
48223,0.49344929162575396
48225,0.5327900997864831
48227,0.5676776069796428
48229,0.493993993993994
48231,0.49419661109344476
48233,0.5018757434348979
48235,0.5012165450121655
48237,0.5724346076458753
48239,0.4873671130746928
48241,0.48445537910981884
48243,0.48969534050179214
48245,0.5112942516371919
48247,0.5060125978240122
48249,0.49323460601529145
48251,0.499260212286909
48253,0.6332966262889178
48255,0.5913703877948787
48257,0.49033297038128265
48259,0.48047429137335723
48261,0.5221238938053098
48263,0.5152253349573691
48265,0.4824423218807952
48267,0.49910833704859564
48269,0.5093632958801498
48271,0.5848476376852111
48273,0.5183115301757782
48275,0.5010537407797682
48277,0.48535286284953394
48279,0.5069131130839761
48281,0.4900341263168307
48283,0.5591711862049784
48285,0.4837076065271881
48287,0.503660585693711
48289,0.493965158451751
48291,0.49278579356270813
48293,0.5155197407691652
48295,0.5357450473729544
48297,0.5408068727364609
48299,0.47709982921906535
48301,0.6324786324786325
48303,0.4941777689127938
48305,0.5034698126301179
48307,0.49389580563278135
48309,0.4873936357425312
48311,0.5205655526992288
48313,0.6249458014163897
48315,0.4781420765027322
48317,0.49961919268849964
48319,0.5400885391047713
48321,0.4950816984534674
48323,0.4928556270778807
48325,0.5165850776502363
48327,0.4880843263061412
48329,0.4977592702756296
48331,0.4965083798882682
48333,0.4598974358974359
48335,0.617842730941215
48337,0.49270972379094363
48339,0.4952764303024756
48341,0.5166733988600153
48343,0.4805511811023622
48345,0.5564892623716153
48347,0.47929987334238755
48349,0.4928924726713496
48351,0.5162673037734523
48353,0.5058097071907576
48355,0.49194739533034143
48357,0.5110881413268182
48359,0.5490101400289715
48361,0.4954756840549407
48363,0.49503957594642023
48365,0.48267782426778244
48367,0.5001235401670263
48369,0.5147940823670532
48371,0.5695577908521541
48373,0.5368768026370004
48375,0.5136164508957761
48377,0.49356516976998904
48379,0.5101023828939023
48381,0.4910476250571848
48383,0.5150083379655364
48385,0.4928486293206198
48387,0.48539826529800273
48389,0.5644967910289865
48391,0.4996564518345472
48393,0.4747583243823845
48395,0.4997580450036293
48397,0.49043677515899736
48399,0.4960268070847295
48401,0.5270030117664665
48403,0.4875478927203065
48405,0.47751581368602647
48407,0.49639196240239797
48409,0.5000605418495535
48411,0.5482776175123028
48413,0.49069478908188585
48415,0.5402018795683954
48417,0.48717183770883055
48419,0.4884353741496599
48421,0.5133724722765819
48423,0.4833648966683827
48425,0.48315520446096655
48427,0.4847401353594688
48429,0.5327972915785019
48431,0.5170876671619614
48433,0.5106082036775106
48435,0.513363590519415
48437,0.5239206534422404
48439,0.4895551170368018
48441,0.4887417711161528
48443,0.46688382193268185
48445,0.5387404429731221
48447,0.4686084142394822
48449,0.49291923939421867
48451,0.4946547768043388
48453,0.5036718391291363
48455,0.48601180145782713
48457,0.5418413940918834
48459,0.49753092577813246
48461,0.47665198237885464
48463,0.4893514395963194
48465,0.5069007758268681
48467,0.49254778519417475
48469,0.4900387351690918
48471,0.5839319198038367
48473,0.5030209173991755
48475,0.4979955456570156
48477,0.5007302254936324
48479,0.4869193279417742
48481,0.492075416828228
48483,0.5058739765040939
48485,0.51717604977379
48487,0.49825201398388813
48489,0.5429960912644305
48491,0.49143566614300915
48493,0.5015051967742644
48495,0.5026399155227033
48497,0.5007429420505201
48499,0.49538771305487916
48501,0.5018872519176915
48503,0.4996453707239893
48505,0.49993010902991336
48507,0.4956882255389718
49047,0.5112398869012625
49049,0.503095349818917
49051,0.5033944713251566
49053,0.4942189903132673
49055,0.5168993387215283
49057,0.5017051977107616
49001,0.5135427952329361
49003,0.5041870133945207
49005,0.49871007841701503
49007,0.4938596072060018
49009,0.5438144329896907
49011,0.5031418728778442
49013,0.5071907957813998
49015,0.5046607009694258
49017,0.5202209508778852
49019,0.5148061354921176
49021,0.5003924563524894
49023,0.5196153846153846
49025,0.4862538183837823
49027,0.5097758702908918
49029,0.5097314130011678
49031,0.5485254691689008
49033,0.4768760907504363
49035,0.5021798809592217
49037,0.4974920802534319
49039,0.5252821910052723
49041,0.5086004503857027
49043,0.5092287323797409
49045,0.5047706632946316
50001,0.4968464932463525
50003,0.4905299406925579
50005,0.49658196827034695
50007,0.48825691405100463
50009,0.5012083131947801
50011,0.49568342352017847
50013,0.491800920598389
50015,0.4970232149278779
50017,0.49600746655605105
50019,0.5013998379135047
50021,0.4904675367586321
50023,0.4935060542515051
50025,0.4925669205162114
50027,0.4895458593054319
51001,0.48669787105541296
51003,0.4787698335725647
51005,0.49097472924187724
51007,0.5081004930734915
51009,0.48136742565633944
51011,0.4850736454497633
51013,0.50014959030119
51015,0.5055838386020823
51017,0.4872354353043858
51019,0.4913095222525928
51021,0.5582407685379766
51023,0.4952194239179611
51025,0.5246308328411105
51027,0.5062164693860172
51029,0.55519100070307
51031,0.484530647858649
51033,0.4944972571467512
51035,0.5009043408360129
51036,0.4948019106490587
51037,0.4977665881588565
51041,0.48132709277948416
51043,0.49171270718232046
51045,0.4800460475825019
51047,0.5038410705435321
51049,0.5010650167359773
51051,0.5075341136907456
51053,0.4961579509071505
51057,0.4625594117119541
51059,0.4949013131665725
51061,0.4942116419370618
51063,0.5017071442375829
51065,0.4583685707695856
51067,0.4902956583503507
51069,0.49672977624784853
51071,0.49015200804400544
51073,0.4941217804924191
51075,0.49426821969522583
51077,0.49284017209272457
51079,0.4877494983630795
51081,0.6210034013605442
51083,0.4760885484143525
51085,0.49029998026445626
51087,0.4718814290732099
51089,0.48075313807531384
51091,0.44696969696969696
51093,0.4897313933967543
51095,0.4844990307472444
51097,0.515902054601745
51099,0.5015842457786869
51101,0.4882897434304529
51103,0.47084194446940425
51105,0.5245973180988653
51107,0.4955045011947176
51109,0.49290884481845465
51111,0.524605828953655
51113,0.48398874267893816
51115,0.4620495495495496
51117,0.48271272381556013
51119,0.4947280022394327
51121,0.5181150030580406
51125,0.48526046574236104
51127,0.5135480572597138
51131,0.48563690085357847
51133,0.48252600780234073
51135,0.5295652727388453
51137,0.4891316915250318
51139,0.4910036488696892
51141,0.4928274200613228
51143,0.49058827276491385
51145,0.5374197894139753
51147,0.4963078794196855
51149,0.5468164794007491
51153,0.49832026363513704
51155,0.4990732159406858
51157,0.49535728704077514
51159,0.5747024140616309
51161,0.47800454967799816
51163,0.4950543575120299
51165,0.4903387542585331
51167,0.488688263409453
51169,0.5037217545414266
51171,0.4850903473457541
51173,0.4888132602256255
51175,0.5247691472026073
51177,0.49135804402816174
51179,0.5035181741951948
51181,0.49083980653671405
51183,0.685266351989211
51185,0.4961477091406428
51187,0.5009745068995088
51191,0.4947497215069669
51193,0.4888078828957111
51195,0.5177892918825562
51197,0.4916752312435766
51199,0.49141730980427556
51510,0.48258379935036666
51520,0.46553298333713766
51530,0.45934593459345935
51540,0.48289858929997337
51550,0.4884670925104401
51570,0.4648586925492435
51580,0.5193514644351465
51590,0.4572673733804476
51595,0.4592736248236953
51600,0.4906418254850013
51610,0.4789600240456868
51620,0.4453115762090576
51630,0.46661799598466874
51640,0.4829842931937173
51650,0.4822769019776628
51660,0.47602553125243247
51670,0.47336056375959423
51678,0.6183000989958988
51680,0.4697791652805855
51683,0.49858871462582527
51685,0.526016
51690,0.45177627715795654
51700,0.48416361961802973
51710,0.5218087446832782
51720,0.4057898677314699
51730,0.45988855337297263
51735,0.48952554442328394
51740,0.4807926353565299
51750,0.48138594125578943
51760,0.47583222214424403
51770,0.4811922702965484
51775,0.47363401549771506
51790,0.4489315091142066
51800,0.4816555277081593
51810,0.4913671953423007
51820,0.4767375886524823
51830,0.4517419005015589
51840,0.4944419905771496
53001,0.5082542843666474
53003,0.4793103448275862
53005,0.4996268858486995
53007,0.4985659848923479
53009,0.4963603464231943
53011,0.49454000620914
53013,0.5026322386563048
53015,0.4934139811213821
53017,0.5019066138033789
53019,0.5210402509147936
53021,0.5211758037088023
53023,0.4977578475336323
53025,0.5051265341587923
53027,0.5145409484870973
53029,0.4984305865446432
53031,0.49363427849616065
53033,0.49903360909121125
53035,0.5094170473808042
53037,0.5005686664771112
53039,0.493611911623439
53041,0.500218499635834
53043,0.5029431631766863
53045,0.5177740126005494
53047,0.5061937481854253
53049,0.5023492371034148
53051,0.5139574336829118
53053,0.49663362337460093
53055,0.4790047630985209
53057,0.49535372832926944
53059,0.5038690740905453
53061,0.5020364212023524
53063,0.49547659057633436
53065,0.5027785432166805
53067,0.49023496229869484
53069,0.4835192069392813
53071,0.51163647322774
53073,0.4955915016900048
53075,0.5091041359094508
53077,0.5008205070167496
54001,0.4866415635646405
54003,0.4921360509179206
54005,0.49654166666666666
54007,0.501589935020047
54009,0.4875132051552926
54011,0.48668718499545566
54013,0.5005954743946011
54015,0.5008204791598293
54017,0.5334715278624558
54019,0.5037115122765407
54021,0.5912771864877372
54023,0.49775708844688954
54025,0.4889250266360119
54027,0.5133378642426302
54029,0.483957484851495
54031,0.5039466130884042
54033,0.48813009072726743
54035,0.49582991523106373
54037,0.49105299380591877
54039,0.4814944884448661
54041,0.49780941949616647
54043,0.4963358070500928
54045,0.4925055928411633
54047,0.503365061051822
54049,0.49005106532840287
54051,0.49230295566502463
54053,0.48364425801228983
54055,0.4767898402029374
54057,0.4934606377229328
54059,0.48922139524121705
54061,0.5177735373962309
54063,0.4943438077634011
54065,0.49339055793991415
54067,0.49282684149633627
54069,0.47966175493274055
54071,0.502566873817887
54073,0.5315610267155579
54075,0.5119006553984132
54077,0.5152178414031767
54079,0.4896812495582727
54081,0.5012294089918846
54083,0.5145922016005449
54085,0.49457593688362916
54087,0.49405575293796117
54089,0.4566597755463674
54091,0.5060964834776462
54093,0.49827882960413084
54095,0.49418797741614084
54097,0.49767915309446253
54099,0.48813224415046147
54101,0.4914304917665509
54103,0.4908708299808133
54105,0.5026536551960281
54107,0.4834159359512009
54109,0.4954080293886119
55001,0.5394846217788861
55003,0.49996873632214095
55005,0.5036991638576369
55007,0.512890365448505
55009,0.4959739632611879
55011,0.5070200465500413
55013,0.5116081909482196
55015,0.5019727042151455
55017,0.5206695249094274
55019,0.506257604727968
55021,0.5077287261292773
55023,0.5146514590790512
55025,0.4955919074555369
55027,0.5229877917941884
55029,0.4918322455014244
55031,0.49918947921185414
55033,0.5047668651916937
55035,0.49161244458486786
55037,0.5241286863270778
55039,0.48973704866562007
55041,0.5078688524590164
55043,0.5193536483520752
55045,0.4959507612568837
55047,0.5047980596857534
55049,0.4999789641970634
55051,0.49669883189436265
55053,0.5365331256389038
55055,0.49854763175054834
55057,0.529100928512116
55059,0.4942052486616032
55061,0.5080310501391397
55063,0.48920955505433666
55065,0.5061479061479062
55067,0.5009462431589177
55069,0.49862122604822173
55071,0.4981309223680779
55073,0.5024597379731759
55075,0.5011989246009639
55077,0.509445178335535
55078,0.49090092114131656
55079,0.483089402148045
55081,0.5054335821884526
55083,0.510967018892091
55085,0.5039688104787816
55087,0.49845923626891314
55089,0.4907703413426833
55091,0.5042051003798155
55093,0.49694845461898574
55095,0.50346552832094
55097,0.5006957064970468
55099,0.5042753623188406
55101,0.4949229072064445
55103,0.5041136030654796
55105,0.49098782407436214
55107,0.5026119662882218
55109,0.4984091595253025
55111,0.5013017526035052
55113,0.5060971910453195
55115,0.5006375863147511
55117,0.5030114731050284
55119,0.5109144829597939
55121,0.5036379708962329
55123,0.49810099408831204
55125,0.5014750643877313
55127,0.49903434621842213
55129,0.4967515923566879
55131,0.49563274426162907
55133,0.4911253119660398
55135,0.506052757793765
55137,0.5255951646725052
55139,0.5030590991929185
55141,0.494433335134843
56001,0.5242113669639292
56003,0.5045817570407735
56005,0.5189011309437027
56007,0.545905076561408
56009,0.5047868945464861
56011,0.5140406695255222
56013,0.4995215311004785
56015,0.5301240401653868
56017,0.4978165938864629
56019,0.5261627906976745
56021,0.5020486005595666
56023,0.5108102205721773
56025,0.5061179087875417
56027,0.4626391096979332
56029,0.4909435915128515
56031,0.5137142857142857
56033,0.4941489003967987
56035,0.5291094197884748
56037,0.5217323327079425
56039,0.5170991887409798
56041,0.5081700907787864
56043,0.49333333333333335
56045,0.5166387024608501
11001,0.4736395030610795
