fips,poverty_population
39001,6832
39003,17713
39005,7569
39007,19266
39009,18263
39011,4010
39013,9553
39015,6442
39017,50312
39019,4317
39021,4756
39023,24419
39025,21127
39027,6425
39029,15730
39031,5835
39033,6888
39035,231823
39037,6846
39039,5071
39041,8285
39043,9333
39045,15110
39047,5185
39049,208422
39051,4532
39053,6214
39055,6969
39057,21065
39059,7784
39061,143778
39063,10221
39065,5491
39067,2657
39069,3144
39071,8604
39073,4894
39075,5398
39077,7853
39079,7637
39081,11533
39083,8825
39085,20063
39087,11135
39089,20926
39091,6487
39093,42269
39095,90091
39097,3580
39099,40841
39101,11127
39103,12859
39105,5285
39107,3399
39109,13076
39111,2782
39113,96354
39115,3111
39117,4063
39119,15554
39121,1521
39123,4349
39125,2436
39127,6876
39129,6509
39131,6436
39133,24219
39135,5477
39137,1966
39139,19504
39141,13746
39143,8458
39145,18740
39147,8923
39149,4970
39151,53715
39153,78658
39155,34912
39157,12763
39159,4344
39161,3600
39163,2713
39165,11885
39167,9777
39169,14758
39171,5386
39173,17461
39175,2601
1007,3488
1009,9552
1011,2486
1013,5094
1015,23325
1017,7273
1019,4918
1021,8288
1023,3093
1025,6107
1027,2201
1029,2508
1031,8581
1033,9406
1035,4320
1037,2073
1039,7515
1041,2288
1043,14814
1045,9306
1047,14580
1049,13133
1051,10334
1053,8609
1055,20078
1057,3055
1059,7020
1061,6149
1063,3479
1065,4011
1067,2657
1069,18746
1071,9415
1073,121029
1075,3382
1077,16232
1079,6225
1081,34561
1083,12075
1085,3035
1087,4636
1089,46436
1091,5244
1093,5960
1095,18794
1097,77917
1099,6901
1101,49918
1103,18936
1105,3373
1107,4801
1109,8158
1111,4511
1113,12054
1115,13417
1117,16693
1119,5372
1121,17950
1123,9117
1125,36274
1127,14598
1129,3200
1131,4126
1133,5157
1001,7057
1003,25798
1005,6421
2013,553
2016,499
2020,23914
2050,4364
2060,69
2068,254
2070,894
2090,7752
2100,135
2105,252
2110,2110
2122,5558
2130,1640
2150,1552
2158,2622
2164,247
2170,9454
2180,2592
2185,976
2188,1824
2195,327
2198,921
2220,798
2230,44
2240,1011
2261,1029
2275,279
2282,35
2290,1252
4001,25852
4003,21102
4005,28824
4007,11839
4009,7446
4011,1215
4012,3824
4013,673527
4015,38874
4017,32141
4019,187250
4021,63201
4023,10970
4025,34117
4027,40508
5001,3705
5003,4352
5005,6452
5007,28804
5009,6465
5011,3218
5013,907
5015,5001
5017,3385
5019,4716
5021,3324
5023,3676
5025,1751
5027,5823
5029,4709
5031,19715
5033,11304
5035,11802
5037,3461
5039,1141
5041,4029
5043,5023
5045,17768
5047,3854
5049,2383
5051,19802
5053,2134
5055,7572
5057,5940
5059,5975
5061,2910
5063,7783
5065,2663
5067,3819
5069,17205
5071,5574
5073,1731
5075,3899
5077,2304
5079,2257
5081,2402
5083,4158
5085,8697
5087,3183
5089,3064
5091,8594
5093,11781
5095,2501
5097,1620
5099,2424
5101,1637
5103,5948
5105,1624
5107,6882
5109,2199
5111,5416
5113,4878
5115,11818
5117,1766
5119,67908
5121,3651
5123,5857
5125,10176
5127,2165
5129,1855
5131,28975
5133,3755
5135,3944
5137,3042
5139,8172
5141,3574
5143,41846
5145,14175
5147,1612
5149,4009
6001,194639
6003,195
6005,4191
6007,47532
6009,5590
6011,3171
6013,117915
6015,5207
6017,18831
6019,252187
6021,5721
6023,28158
6025,40114
6027,2019
6029,195744
6031,29900
6033,15597
6035,3563
6037,1800265
6039,33968
6041,20964
6043,2651
6045,17527
6047,67417
6049,1673
6051,684
6053,69475
6055,14020
6057,12367
6059,395483
6061,32427
6063,2687
6065,379985
6067,262251
6069,6202
6071,397766
6073,454876
6075,109524
6077,129390
6079,38630
6081,59232
6083,68017
6085,175690
6087,39053
6089,31707
6091,438
6093,10026
6095,55534
6097,57179
6099,105927
6101,16743
6103,12313
6105,2562
6107,125775
6109,7010
6111,91880
6113,39688
6115,15862
8001,64241
8003,4396
8005,67679
8007,1405
8009,736
8011,923
8013,42167
8014,3930
8015,1502
8017,168
8019,748
8021,1491
8023,850
8025,1449
8027,736
8029,4716
8031,110299
8033,398
8035,12110
8037,4780
8039,1649
8041,75033
8043,6272
8045,6786
8047,413
8049,1543
8051,2509
8053,70
8055,1171
8057,155
8059,46423
8061,189
8063,1157
8065,833
8067,5432
8069,42338
8071,2055
8073,624
8075,3529
8077,22545
8079,56
8081,1462
8083,4550
8085,7644
8087,3218
8089,4396
8091,355
8093,1170
8095,658
8097,1709
8099,2264
8101,31017
8103,1113
8105,2198
8107,2369
8109,1450
8111,100
8113,854
8115,335
8117,3949
8119,1728
8121,466
8123,34007
8125,1451
9001,82743
9003,104196
9005,12893
9007,10710
9009,108533
9011,25766
9013,9511
9015,11999
10001,22074
10003,60487
10005,25754
12001,58203
12003,4393
12005,26235
12007,4896
12009,76460
12011,265880
12013,2407
12015,19760
12017,23903
12019,20580
12021,47436
12023,12498
12027,10123
12029,3061
12031,150792
12033,45308
12035,14814
12037,1977
12039,11907
12041,3598
12043,2408
12045,1924
12047,3234
12049,7029
12051,9696
12053,27375
12055,18863
12057,217684
12059,4903
12061,20272
12063,9090
12065,1862
12067,1425
12069,42497
12071,105166
12073,60286
12075,8601
12077,1237
12079,4269
12081,51595
12083,60207
12085,17965
12086,530006
12087,9998
12089,9652
12091,24595
12093,9965
12095,212489
12097,58146
12099,197340
12101,66144
12103,131643
12105,111877
12107,20397
12109,19706
12111,52201
12113,19063
12115,42386
12117,52637
12119,10802
12121,10012
12123,2720
12125,2002
12127,85881
12129,4101
12131,9804
12133,4723
13001,3745
13003,2370
13005,1919
13007,752
13009,13201
13011,3026
13013,10902
13015,15819
13017,6024
13019,4923
13021,40611
13023,2616
13025,3812
13027,4265
13029,4487
13031,21794
13033,7131
13035,4329
13037,1924
13039,6365
13043,3398
13045,22441
13047,8061
13049,2010
13051,50980
13053,960
13055,5488
13057,24273
13059,40559
13061,1285
13063,65787
13065,2339
13067,87880
13069,9975
13071,12086
13073,12517
13075,4244
13077,17489
13079,2122
13081,7468
13083,2300
13085,3156
13087,7418
13089,135469
13091,4279
13093,3673
13095,27557
13097,22118
13099,2916
13101,1170
13103,5749
13105,3664
13107,6700
13109,2857
13111,5404
13113,9129
13115,19605
13117,13547
13119,5122
13121,167391
13123,6664
13125,483
13127,14981
13129,11188
13131,7648
13133,4033
13135,117553
13137,7220
13139,34120
13141,2113
13143,5724
13145,2991
13147,5403
13149,2349
13151,27162
13153,25111
13155,2300
13157,8314
13159,2785
13161,3309
13163,4889
13165,2984
13167,2125
13169,4770
13171,3713
13173,2675
13175,12823
13177,3417
13179,11047
13181,1912
13183,2936
13185,28907
13187,5559
13189,5410
13191,2956
13193,3639
13195,4798
13197,1836
13199,4733
13201,1608
13205,5905
13207,3492
13209,2076
13211,2529
13213,7765
13215,38921
13217,17281
13219,2487
13221,2316
13223,18445
13225,5471
13227,3418
13229,4455
13231,2132
13233,8767
13235,1929
13237,3446
13239,558
13241,3458
13243,2145
13245,48498
13247,14155
13249,1187
13251,3482
13253,1595
13255,14238
13257,4707
13259,1645
13261,9741
13263,1291
13265,511
13267,5646
13269,2351
13271,3565
13273,3216
13275,10335
13277,11372
13279,6674
13281,1862
13283,1242
13285,14388
13287,2027
13289,2324
13291,2860
13293,6137
13295,11818
13297,11801
13299,9686
13301,1485
13303,4961
13305,5633
13307,608
13309,1177
13311,5195
13313,19270
13315,1599
13317,2795
13319,1640
13321,4445
15001,36756
15003,92404
15005,12
15007,7384
15009,17388
16001,50551
16003,495
16005,15288
16007,759
16009,1490
16011,6093
16013,2218
16015,991
16017,6145
16019,14025
16021,1647
16023,460
16025,229
16027,37945
16029,551
16031,3645
16033,163
16035,985
16037,806
16039,4046
16041,1696
16043,1266
16045,2980
16047,2911
16049,2528
16051,3492
16053,3676
16055,18634
16057,7597
16059,1430
16061,652
16063,709
16065,13232
16067,3501
16069,4581
16071,615
16073,3091
16075,4152
16077,1034
16079,2108
16081,1110
16083,12418
16085,1434
16087,1798
17059,837
17061,2231
17063,4531
17065,1211
17067,2159
17069,864
17071,692
17073,5256
17075,4735
17077,16853
17079,881
17081,6179
17083,1590
17085,2032
17087,1589
17089,59033
17091,17365
17093,6616
17095,9013
17097,65728
17099,14386
17101,1509
17103,3555
17105,3897
17107,3303
17109,6394
17111,24037
17113,23795
17115,19411
17117,5729
17119,34818
17121,6965
17123,1201
17125,2095
17127,2705
17129,1404
17131,1498
17133,1667
17135,3503
17137,4580
17139,1929
17141,5477
17143,31194
17145,3380
17147,1019
17149,2133
17151,615
17153,1178
17155,691
17157,3816
17159,2382
17161,21223
17163,47946
17165,5534
17167,30297
17169,1382
17171,712
17173,2449
17175,684
17177,6849
17179,11559
17181,2971
17001,9433
17003,2424
17005,2593
17007,5841
17009,565
17011,4191
17013,606
17015,1843
17017,1688
17019,43284
17021,4714
17023,2360
17025,1839
17027,3193
17029,10951
17031,879499
17033,2310
17035,1700
17037,18336
17039,2073
17041,2019
17043,67941
17045,2999
17047,851
17049,3557
17051,3644
17053,1790
17055,7191
17057,4838
17183,14571
17185,1447
17187,2464
17189,1834
17191,2385
17193,1916
17195,6740
17197,53482
17199,9783
17201,47851
17203,3105
18001,5529
18003,56542
18005,10027
18007,1181
18009,1700
18011,3498
18013,1865
18015,2149
18017,5884
18019,12009
18021,3807
18023,4504
18025,2166
18027,4192
18029,4553
18031,3647
18033,6107
18035,24209
18037,4071
18039,31601
18041,4806
18043,9530
18045,1992
18047,2413
18049,3011
18051,3675
18053,11829
18055,4398
18057,13889
18059,4583
18061,5392
18063,7514
18065,7465
18067,14445
18069,4241
18071,6297
18073,2710
18075,3400
18077,4343
18079,4390
18081,14205
18083,5630
18085,8645
18087,4909
18089,87203
18091,17792
18093,5850
18095,21089
18097,191309
18099,5594
18101,1320
18103,5174
18105,31707
18107,5153
18109,8237
18111,1892
18113,5665
18115,470
18117,3403
18119,3172
18121,2486
18123,2276
18125,1243
18127,18850
18129,2801
18131,1808
18133,3245
18135,4522
18137,2403
18139,2946
18141,45532
18143,4148
18145,5302
18147,2213
18149,3682
18151,3542
18153,3534
18155,2022
18157,36902
18159,1529
18161,754
18163,28870
18165,1996
18167,20245
18169,4373
18171,740
18173,5926
18175,4190
18177,13732
18179,3306
18181,2309
18183,2633
19001,764
19003,388
19005,1491
19007,1719
19009,552
19011,2440
19013,19887
19015,2588
19017,1894
19019,1970
19021,2452
19023,1322
19025,1384
19027,2047
19029,1855
19031,1393
19033,5665
19035,1281
19037,1067
19039,1493
19041,1848
19043,1941
19045,6608
19047,3367
19049,4796
19051,1657
19053,1541
19055,1717
19057,6010
19059,1100
19061,11189
19063,1250
19065,2550
19067,1957
19069,1372
19071,757
19073,1135
19075,757
19077,1199
19079,1712
19081,924
19083,1454
19085,1398
19087,2695
19089,1081
19091,1155
19093,809
19095,1391
19097,2343
19099,3342
19101,2311
19103,23537
19105,1950
19107,1374
19109,1357
19111,5791
19113,20747
19115,1357
19117,1126
19119,843
19121,1164
19123,3206
19125,3124
19127,4429
19129,1300
19131,1005
19133,1233
19135,944
19137,1717
19139,5219
19141,1013
19143,521
19145,2262
19147,948
19149,1907
19151,987
19153,57143
19155,11779
19157,1767
19159,514
19161,805
19163,20229
19165,1307
19167,2663
19169,19109
19171,1919
19173,860
19175,1676
19177,1095
19179,6399
19181,3124
19183,2013
19185,834
19187,5210
19189,995
19191,1507
19193,14557
19195,887
19197,1412
20109,232
20111,6919
20113,1993
20115,1306
20117,1087
20119,481
20121,2949
20123,626
20125,6303
20127,505
20129,325
20131,1129
20133,2961
20135,354
20137,398
20139,1997
20141,564
20143,466
20145,464
20147,494
20149,1992
20151,1144
20153,250
20155,7457
20157,599
20159,1365
20161,14922
20163,723
20165,292
20167,885
20169,8700
20171,319
20173,75400
20175,4350
20177,26445
20179,165
20181,1125
20183,543
20185,675
20187,113
20189,1037
20191,2869
20193,733
20195,119
20197,404
20199,129
20201,649
20203,214
20205,1639
20207,714
20209,37963
20001,2257
20003,1362
20005,2970
20007,511
20009,4261
20011,2757
20013,1598
20015,6620
20017,360
20019,579
20021,3511
20023,214
20025,311
20027,942
20029,1202
20031,833
20033,140
20035,5971
20037,8219
20039,316
20041,2005
20043,892
20045,20137
20047,335
20049,483
20051,4353
20053,484
20055,6222
20057,6183
20059,3264
20061,4463
20063,219
20065,287
20067,795
20069,597
20071,97
20073,945
20075,371
20077,933
20079,4415
20081,562
20083,88
20085,1197
20087,1394
20089,466
20091,34556
20093,412
20095,811
20097,364
20099,3651
20101,149
20103,8223
20105,333
20107,1246
21001,3789
21003,3454
21005,2223
21007,1295
21009,8598
21011,3122
21013,10233
21015,10156
21017,3272
21019,9500
21021,4291
21023,1544
21025,4366
21027,3422
21029,7911
21031,3667
21033,2544
21035,8015
21037,12883
21039,970
21041,2898
21043,4682
21045,3969
21047,13576
21049,5401
21051,7732
21053,2435
21055,1974
21057,1682
21059,14948
21061,2296
21063,2079
21065,4199
21067,55900
21069,2907
21071,11441
21073,6990
21075,1641
21077,1294
21079,3653
21081,4445
21083,6342
21085,6119
21087,2216
21089,6355
21091,1360
21093,14886
21095,8661
21097,4069
21099,4507
21101,8602
21103,2798
21105,675
21107,7799
21109,4163
21111,121683
21113,9190
21115,5977
21117,23432
21119,4308
21121,10093
21123,2460
21125,13588
21127,3548
21129,2003
21131,3051
21133,6614
21135,4151
21137,6039
21139,1362
21141,5103
21143,1002
21145,10763
21147,6723
21149,1983
21151,16792
21153,3672
21155,3784
21157,3287
21159,3896
21161,3087
21163,4810
21165,1851
21167,3862
21169,2158
21171,2937
21173,6956
21175,3249
21177,6000
21179,7072
21181,1624
21183,5208
21185,3503
21187,1780
21189,1710
21191,2188
21193,6894
21195,14256
21197,3392
21199,16497
21201,473
21203,4105
21205,5410
21207,4475
21209,5332
21211,5566
21213,3473
21215,1466
21217,5658
21219,2277
21221,2500
21223,1486
21225,4091
21227,21047
21229,2034
21231,5477
21233,2296
21235,8871
21237,3058
21239,3259
22001,12539
22003,3501
22005,13447
22007,3643
22009,8750
22011,7137
22013,3754
22015,17303
22017,53752
22019,32864
22021,2053
22023,650
22025,1890
22027,4058
22029,5598
22031,7059
22033,85254
22035,2903
22037,3317
22039,8373
22041,5847
22043,3460
22045,14277
22047,5612
22049,3981
22051,72319
22053,6462
22055,36346
22057,14117
22059,2857
22061,14146
22063,19086
22065,3962
22067,7432
22069,11208
22071,98823
22073,36312
22075,3775
22077,4368
22079,26645
22081,1937
22083,4154
22085,4626
22087,8209
22089,6152
22091,2854
22093,3841
22095,7893
22097,22970
22099,9388
22101,11746
22103,27482
22105,26962
22107,1685
22109,21627
22111,6166
22113,10379
22115,7403
22117,11811
22119,9327
22121,4662
22123,2746
22125,1914
22127,3466
23001,16332
23003,12608
23005,32339
23007,4318
23009,7196
23011,16256
23013,4304
23015,4073
23017,9911
23019,24933
23021,3520
23023,4200
23025,8907
23027,6243
23029,5946
23031,19192
24001,11927
24003,31573
24005,75464
24009,5207
24011,5086
24013,9205
24015,10179
24017,11905
24019,5275
24021,16204
24023,3615
24025,19854
24027,15759
24029,2051
24031,67820
24033,84018
24035,3588
24037,8384
24039,4681
24041,4202
24043,18094
24045,15493
24047,5567
24510,141654
25001,18392
25003,16038
25005,68016
25007,1970
25009,85417
25011,8210
25013,79308
25015,20317
25017,124958
25019,1205
25021,44199
25023,40309
25025,148278
25027,92288
26001,1575
26003,1213
26005,14185
26007,4898
26009,3316
26011,3013
26013,992
26015,6377
26017,15804
26019,1989
26021,26719
26023,7310
26025,22931
26027,7576
26029,3181
26031,4595
26033,6485
26035,7895
26037,8933
26039,2073
26041,6227
26043,3523
26045,11524
26047,3506
26049,85696
26051,5211
26053,2859
26055,9575
26057,6792
26059,8982
26061,7406
26063,4486
26065,59468
26067,9084
26069,4395
26071,1749
26073,19390
26075,25464
26077,45473
26079,2875
26081,93489
26083,336
26085,3164
26087,9152
26089,2245
26091,13427
26093,10895
26095,1059
26097,1730
26099,106546
26101,3918
26103,10689
26105,4861
26107,9338
26109,3774
26111,10955
26113,2490
26115,16860
26117,10924
26119,1568
26121,31550
26123,8605
26125,123086
26127,5285
26129,4537
26131,967
26133,5032
26135,1656
26137,3270
26139,27361
26141,1761
26143,4885
26145,34825
26147,23128
26149,10319
26151,6522
26153,1735
26155,9790
26157,8317
26159,14029
26161,51965
26163,440449
26165,5631
27001,1937
27003,25925
27005,4160
27007,8118
27009,5732
27011,719
27013,11745
27015,1887
27017,4727
27019,4172
27021,4656
27023,1454
27025,2889
27027,7202
27029,1451
27031,588
27033,1905
27035,7028
27037,31270
27039,1342
27041,3438
27043,1878
27045,2280
27047,3679
27049,5104
27051,533
27053,146382
27055,2031
27057,2368
27059,2802
27061,6018
27063,1085
27065,2242
27067,4877
27069,474
27071,1937
27073,561
27075,1364
27077,363
27079,2482
27081,524
27083,3456
27085,2866
27087,1350
27089,734
27091,2286
27093,2282
27095,3080
27097,3687
27099,5410
27101,771
27103,3814
27105,3320
27107,846
27109,13237
27111,5635
27113,1286
27115,4015
27117,1182
27119,3987
27121,1011
27123,84589
27125,431
27127,1825
27129,1646
27131,6469
27133,1067
27135,1637
27137,30869
27139,7747
27141,6966
27143,1584
27145,19570
27147,3721
27149,1727
27151,1167
27153,3548
27155,341
27157,1547
27159,2211
27161,1544
27163,13109
27165,1182
27167,627
27169,6933
27171,7846
27173,1175
28001,8898
28003,7752
28005,2852
28007,4908
28009,1764
28011,11900
28013,3763
28015,2086
28017,4493
28019,2147
28021,3685
28023,3460
28025,5302
28027,8420
28029,7629
28031,5162
28033,16338
28035,20179
28037,1464
28039,4154
28041,1566
28043,4733
28045,9807
28047,39569
28049,61498
28051,7860
28053,3508
28055,411
28057,4207
28059,21400
28061,3944
28063,3490
28065,4028
28067,15197
28069,2841
28071,11903
28073,9748
28075,17325
28077,2769
28079,6034
28081,15327
28083,12558
28085,9091
28087,13675
28089,13287
28091,7156
28093,6513
28095,7123
28097,3058
28099,6957
28101,4737
28103,3953
28105,14780
28107,7793
28109,11590
28111,2287
28113,11334
28115,4903
28117,5112
28119,2982
28121,14067
28123,7743
28125,1380
28127,6985
28129,3813
28131,3103
28133,8458
28135,2609
28137,4656
28139,5311
28141,3146
28143,2824
28145,6170
28147,4199
28149,10768
28151,17586
28153,5509
28155,2243
28157,2687
28159,5389
28161,2472
28163,8017
29151,1139
29153,2292
29155,5068
29157,1798
29159,7484
29161,8137
29163,2482
29165,7106
29167,5515
29169,5781
29171,926
29173,1254
29175,4395
29177,3598
29179,1361
29181,3167
29183,23022
29185,2156
29186,2540
29187,11138
29189,106821
29195,3808
29197,914
29199,730
29201,7492
29203,1938
29205,1092
29207,4583
29209,5147
29211,1066
29213,9825
29215,5214
29217,3764
29219,4507
29221,5030
29223,2960
29225,6733
29227,294
29229,4594
29510,83416
29001,6105
29003,1531
29005,693
29007,4401
29009,7072
29011,2910
29013,2996
29015,3540
29017,2654
29019,31824
29021,15456
29023,8942
29025,1186
29027,5865
29029,7516
29031,13626
29033,1273
29035,1319
29037,9805
29039,3381
29041,1213
29043,8879
29045,928
29047,20137
29049,1856
29051,9237
29053,2354
29055,5093
29057,1473
29059,3577
29061,1340
29063,1391
29065,3642
29067,2941
29069,8536
29071,11941
29073,2316
29075,1119
29077,51533
29079,2020
29081,1485
29083,4131
29085,2394
29087,555
29089,1587
29091,9158
29093,2293
29095,119678
29097,19556
29099,23937
29101,8407
29103,823
29105,6816
29107,3706
29109,7052
29111,1215
29113,7980
29115,2196
29117,2273
29119,4876
29121,2895
29123,2238
29125,1721
29127,5020
29129,584
29131,4942
29133,3642
29135,1885
29137,1260
29139,2025
29141,4757
29143,4094
29145,8377
29147,5682
29149,2824
30001,1446
30003,3788
30005,1795
30007,556
30009,1137
30011,141
30013,12212
30015,1341
30017,1298
30019,100
30021,1210
30023,1499
30025,198
30027,1287
30029,12307
30031,12125
30033,96
30035,4447
30037,201
30039,466
30041,3400
30043,1068
30045,281
30047,6509
30049,7803
30051,416
30053,3554
30055,151
30057,820
30059,265
30061,721
30063,17414
30065,774
30067,1918
30069,30
30071,651
30073,1283
30075,155
30077,735
30079,239
30081,7308
30083,1264
30085,3007
30087,1893
30089,2497
30091,373
30093,6771
30095,721
30097,458
30099,723
30101,866
30103,178
30105,885
30107,410
30109,145
30111,17250
31001,3499
31003,811
31005,36
31007,96
31009,106
31011,533
31013,1886
31015,220
31017,499
31019,5978
31021,620
31023,682
31025,1556
31027,864
31029,337
31031,648
31033,1150
31035,580
31037,1374
31039,1071
31041,1200
31043,3528
31045,1428
31047,3618
31049,246
31051,683
31053,4061
31055,76738
31057,151
31059,514
31061,396
31063,305
31065,820
31067,2080
31069,181
31071,193
31073,110
31075,98
31077,243
31079,9092
31081,780
31083,450
31085,68
31087,490
31089,1209
31091,123
31093,658
31095,909
31097,471
31099,408
31101,931
31103,106
31105,496
31107,1117
31109,41796
31111,4488
31113,91
31115,68
31117,64
31119,5119
31121,667
31123,550
31125,490
31127,574
31129,501
31131,1696
31133,446
31135,198
31137,706
31139,417
31141,2728
31143,389
31145,1118
31147,1557
31149,162
31151,1492
31153,10684
31155,2001
31157,4877
31159,1467
31161,857
31163,411
31165,156
31167,701
31169,604
31171,55
31173,2090
31175,540
31177,1880
31179,1115
31181,459
31183,61
31185,1393
32001,3802
32003,315358
32005,4984
32007,5574
32009,194
32011,162
32013,1762
32015,676
32017,631
32019,8482
32021,907
32023,7658
32027,832
32029,293
32031,65248
32033,987
32510,8787
33001,6214
33003,4484
33005,8467
33007,4257
33009,9609
33011,34681
33013,12840
33015,16192
33017,12997
33019,4099
34001,40868
34003,67959
34005,27881
34007,66802
34009,9744
34011,25760
34013,133788
34015,23200
34017,114900
34019,5379
34021,40354
34023,70908
34025,46492
34027,22068
34029,64795
34031,83203
34033,8602
34035,16479
34037,8237
34039,59034
34041,8394
35001,128917
35003,615
35005,14013
35006,7489
35007,2490
35009,10338
35011,454
35013,58846
35015,6237
35017,5940
35019,552
35021,59
35023,1054
35025,9859
35027,3271
35028,1092
35029,7236
35031,27493
35033,1092
35035,14387
35037,1484
35039,9413
35041,4918
35043,19305
35045,24755
35047,8093
35049,22477
35051,2360
35053,4278
35055,7909
35057,4833
35059,498
35061,17604
36081,343834
36083,19186
36085,58470
36087,46118
36089,19494
36091,14583
36093,19028
36095,3936
36097,2595
36099,4081
36101,15888
36103,103269
36105,12868
36107,4801
36109,18547
36111,22290
36113,7685
36115,8004
36117,11541
36119,90752
36121,4425
36123,3446
36001,39349
36003,7285
36005,427574
36007,33615
36009,13954
36011,9010
36013,23894
36015,13044
36017,7741
36019,12163
36021,7067
36023,6675
36025,6799
36027,26229
36029,134715
36031,3894
36033,9213
36035,9100
36037,7748
36039,5813
36041,609
36043,9145
36045,16938
36047,597404
36049,3238
36051,8681
36053,8180
36055,110192
36057,10053
36059,82146
36061,283590
36063,28816
36065,37760
36067,69487
36069,10975
36071,46731
36073,6173
36075,21615
36077,9275
36079,5212
37001,29042
37003,6191
37005,1986
37007,5865
37009,5510
37011,2350
37013,8660
37015,4304
37017,9342
37019,18725
37021,38256
37023,17277
37025,23384
37027,15765
37029,803
37031,10056
37033,4634
37035,23629
37037,9041
37039,5319
37041,3832
37043,2235
37045,19156
37047,12768
37049,15664
37051,54949
37053,2497
37055,2885
37057,25655
37059,5210
37061,15606
37063,49835
37065,14210
37067,69100
37069,9603
37071,36027
37073,1651
37075,1884
37077,8943
37079,4962
37081,86808
37083,13660
37085,22094
37087,10056
37089,14984
37091,5475
37093,11047
37095,890
37097,22803
37099,8139
37101,27086
37103,2173
37105,10533
37107,13401
37109,12243
37111,8897
37113,6401
37115,3616
37117,5007
37119,148326
37121,2910
37123,6716
37125,13808
37127,17141
37129,36717
37131,5658
37133,24916
37135,20236
37137,1674
37139,7256
37141,9925
37143,2626
37145,7708
37147,42743
37149,2790
37151,24770
37153,11465
37155,41538
37157,16968
37159,24194
37161,13077
37163,16050
37165,10504
37167,10356
37169,7826
37171,14195
37173,3409
37175,4017
37177,779
37179,21416
37181,11064
37183,107687
37185,4692
37187,2737
37189,14726
37191,27037
37193,15791
37195,18475
37197,7643
37199,3775
38001,220
38003,841
38005,2260
38007,100
38009,540
38011,234
38013,301
38015,6946
38017,19082
38019,180
38021,400
38023,178
38025,517
38027,311
38029,386
38031,316
38033,177
38035,11223
38037,346
38039,179
38041,217
38043,185
38045,383
38047,151
38049,738
38051,311
38053,1309
38055,1072
38057,693
38059,2270
38061,1226
38063,249
38065,137
38067,454
38069,693
38071,1118
38073,490
38075,186
38077,1633
38079,5054
38081,222
38083,209
38085,1524
38087,68
38089,1866
38091,143
38093,2130
38095,316
38097,804
38099,1112
38101,4919
38103,226
38105,2913
40001,5897
40003,606
40005,2794
40007,492
40009,2777
40011,1293
40013,7816
40015,5976
40017,8995
40019,7262
40021,10426
40023,4297
40025,414
40027,32758
40029,1186
40031,20444
40033,1030
40035,2659
40037,10813
40039,4595
40041,8311
40043,788
40045,595
40047,7852
40049,5038
40051,6690
40053,430
40055,735
40057,481
40059,520
40061,2524
40063,2244
40065,4276
40067,1313
40069,2070
40071,8137
40073,1093
40075,1883
40077,1833
40079,11035
40081,5335
40083,4943
40085,1292
40087,3944
40089,8256
40091,4209
40093,1073
40095,2645
40097,8585
40099,2012
40101,14670
40103,1515
40105,1928
40107,2797
40109,134377
40111,7880
40113,7365
40115,7112
40117,2249
40119,18483
40121,7994
40123,6769
40125,12288
40127,2716
40129,544
40131,8271
40133,5371
40135,10261
40137,6740
40139,2733
40141,1750
40143,96498
40145,8150
40147,7307
40149,1725
40151,1283
40153,2595
41001,2353
41003,18139
41005,36894
41007,5791
41009,6638
41011,11310
41013,4048
41015,3682
41017,24220
41019,20377
41021,186
41023,1138
41025,1268
41027,3223
41029,39122
41031,4358
41033,16627
41035,12542
41037,1365
41039,70308
41041,7754
41043,22201
41045,6865
41047,57846
41049,1844
41051,136472
41053,12270
41055,386
41057,4310
41059,12733
41061,4641
41063,1033
41065,4015
41067,64861
41069,250
41071,15877
42001,8715
42003,155874
42005,8738
42007,19888
42009,6643
42011,56855
42013,18548
42015,8336
42017,36868
42019,16325
42021,20011
42023,626
42025,6909
42027,27217
42029,35053
42031,6881
42033,11306
42035,6086
42037,10067
42039,12321
42041,19984
42043,36269
42045,57202
42047,2721
42049,44595
42051,25282
42053,523
42055,17554
42057,1779
42059,4672
42061,5578
42063,14176
42065,6414
42067,3245
42069,30447
42071,55372
42073,13192
42075,14922
42077,45488
42079,48822
42081,16150
42083,6830
42085,14549
42087,7216
42089,20702
42091,52330
42093,1749
42095,27294
42097,12279
42099,4217
42101,399352
42103,5532
42105,2570
42107,18278
42109,4077
42111,9074
42113,802
42115,5455
42117,5891
42119,4554
42121,8123
42123,4891
42125,21074
42127,6164
42129,36758
42131,3030
42133,46124
44001,3396
44003,13763
44005,8005
44007,107120
44009,11939
45001,5471
45003,29126
45005,2537
45007,30915
45009,4077
45011,5819
45013,21221
45015,26327
45017,2896
45019,62119
45021,13093
45023,8734
45025,11930
45027,8163
45029,8340
45031,15878
45033,10502
45035,18737
45037,3896
45039,5566
45041,26802
45043,12557
45045,72169
45047,15875
45049,3963
45051,51988
45053,6106
45055,10467
45057,14802
45059,13395
45061,4663
45063,38470
45065,1681
45067,8865
45069,7224
45071,6436
45073,14897
45075,20600
45077,22545
45079,62611
45081,4062
45083,49665
45085,18943
45087,5605
45089,9349
45091,31814
46003,223
46005,3708
46007,1361
46009,576
46011,4811
46013,3613
46015,789
46017,711
46019,1082
46021,140
46023,1970
46025,566
46027,3255
46029,2806
46031,1865
46033,850
46035,2379
46037,1200
46039,330
46041,1523
46043,246
46045,479
46047,1097
46049,373
46051,582
46053,769
46055,343
46057,424
46059,271
46061,406
46063,174
46065,1663
46067,926
46069,168
46071,1059
46073,176
46075,89
46077,505
46079,1732
46081,3115
46083,2158
46085,775
46087,467
46089,478
46091,701
46093,2764
46095,921
46097,234
46099,20578
46101,910
46102,7482
46103,13079
46105,396
46107,255
46109,2031
46111,238
46115,798
46117,240
46119,74
46121,4471
46123,1212
46125,761
46127,783
46129,650
46135,2993
46137,1103
47105,7185
47107,10220
47109,5319
47111,4218
47113,18521
47115,5350
47117,4986
47119,12667
47121,2377
47123,8627
47125,28750
47127,668
47129,4185
47131,6309
47133,4668
47135,1995
47137,808
47139,3094
47141,17830
47143,7664
47145,9620
47147,8005
47149,34475
47151,5903
47153,2335
47155,14128
47157,196471
47159,3066
47161,2560
47163,26924
47165,15644
47167,8292
47169,1345
47171,3974
47173,4036
47175,988
47177,8329
47179,21842
47181,3211
47183,6075
47185,5011
47187,10054
47189,12132
47001,13309
47003,7727
47005,3667
47007,2697
47009,17305
47011,19357
47013,9203
47015,2500
47017,5713
47019,13021
47021,5396
47023,3516
47025,6658
47027,1801
47029,9111
47031,9818
47033,2838
47035,9300
47037,116031
47039,2470
47041,3887
47043,8116
47045,6646
47047,5351
47049,4577
47051,6669
47053,9080
47055,4627
47057,4647
47059,13647
47061,3797
47063,13193
47065,54036
47067,1793
47069,5636
47071,5920
47073,10661
47075,4107
47077,5925
47079,5862
47081,4738
47083,1860
47085,2856
47087,3034
47089,8343
47091,4123
47093,69061
47095,1319
47097,6532
47099,8443
47101,2292
47103,5517
48001,8274
48003,2032
48005,16497
48007,4509
48009,862
48011,130
48013,7619
48015,3289
48017,1319
48019,2662
48021,10664
48023,423
48025,5274
48027,48543
48029,312088
48031,954
48033,10
48035,2549
48037,16693
48039,35762
48041,53207
48043,1238
48045,307
48047,2726
48049,6581
48051,2761
48053,6989
48055,7169
48057,4136
48059,2548
48061,139768
48063,2454
48065,435
48067,5915
48069,1339
48071,3921
48073,10688
48075,1177
48077,1246
48079,591
48081,361
48083,1924
48085,64824
48087,675
48089,3081
48091,10423
48093,3107
48095,298
48097,5292
48099,8631
48101,340
48103,606
48105,635
48107,1358
48109,677
48111,1183
48113,472926
48115,1924
48117,3955
48119,1177
48121,63220
48123,2817
48125,417
48127,2003
48129,585
48131,2617
48133,3162
48135,19162
48137,205
48139,18755
48141,185728
48143,9340
48145,3417
48147,5305
48149,3021
48151,666
48153,1375
48155,114
48157,53761
48159,1726
48161,2683
48163,3321
48165,2177
48167,41985
48169,432
48171,2791
48173,40
48175,1358
48177,4009
48179,2824
48181,19420
48183,21769
48185,4701
48187,13924
48189,7548
48191,844
48193,1159
48195,939
48197,585
48199,6684
48201,774568
48203,11151
48205,295
48207,1030
48209,28783
48211,502
48213,14572
48215,277104
48217,7049
48219,3297
48221,6161
48223,6972
48225,4918
48227,4787
48229,1192
48231,16112
48233,3493
48235,191
48237,1324
48239,1765
48241,5912
48243,123
48245,47095
48247,915
48249,9128
48251,18392
48253,2285
48255,3079
48257,15016
48259,2862
48261,151
48263,74
48265,7718
48267,912
48269,19
48271,572
48273,7849
48275,605
48277,9076
48279,3173
48281,2923
48283,972
48285,1765
48287,2374
48289,2322
48291,12548
48293,5189
48295,317
48297,1567
48299,2841
48301,33
48303,54155
48305,1106
48307,1522
48309,49881
48311,92
48313,1938
48315,2264
48317,692
48319,577
48321,7833
48323,14872
48325,6656
48327,317
48329,13238
48331,4159
48333,688
48335,766
48337,2878
48339,59856
48341,4421
48343,2346
48345,181
48347,14752
48349,9794
48351,1798
48353,3108
48355,61965
48357,1447
48359,214
48361,12691
48363,5425
48365,3509
48367,11785
48369,1696
48371,1643
48373,7279
48375,25466
48377,1586
48379,1206
48381,13076
48383,552
48385,541
48387,2321
48389,1895
48391,1203
48393,14
48395,2841
48397,5310
48399,2071
48401,8510
48403,2840
48405,2105
48407,5419
48409,9949
48411,792
48413,630
48415,1527
48417,635
48419,5553
48421,376
48423,37048
48425,1158
48427,22663
48429,1751
48431,208
48433,264
48435,328
48437,1595
48439,283264
48441,22395
48443,186
48445,1756
48447,199
48449,6848
48451,16202
48453,180220
48455,2381
48457,3159
48459,5322
48461,657
48463,5248
48465,9738
48467,8787
48469,14531
48471,12642
48473,7505
48475,1831
48477,4325
48479,82307
48481,7178
48483,862
48485,20712
48487,2275
48489,7604
48491,35014
48493,4783
48495,1040
48497,7015
48499,6073
48501,979
48503,2751
48505,5334
48507,3943
49047,3261
49049,71110
49051,2633
49053,21893
49055,414
49057,30547
49001,797
49003,4779
49005,17713
49007,3113
49009,47
49011,24718
49013,2019
49015,1188
49017,873
49019,1740
49021,9727
49023,1464
49025,562
49027,1602
49029,557
49031,376
49033,333
49035,131630
49037,4149
49039,4043
49041,2973
49043,3001
49045,4339
50001,3124
50003,4735
50005,3733
50007,17045
50009,929
50011,4147
50013,598
50015,2887
50017,3498
50019,4070
50021,7276
50023,5729
50025,5421
50027,6041
51001,6384
51003,9714
51005,2682
51007,1471
51009,4086
51011,2668
51013,19996
51015,6694
51017,347
51019,7372
51021,621
51023,2701
51025,3298
51027,5841
51029,2867
51031,7309
51033,3601
51035,5017
51036,933
51037,2589
51041,24002
51043,1556
51045,611
51047,4320
51049,1996
51051,3225
51053,4061
51057,1533
51059,66762
51061,3762
51063,1551
51065,1618
51067,8123
51069,5247
51071,1891
51073,2735
51075,1163
51077,3244
51079,1853
51081,1490
51083,6675
51085,5976
51087,33914
51089,9520
51091,282
51093,4137
51095,5648
51097,949
51099,1366
51101,1897
51103,1246
51105,6027
51107,14047
51109,3385
51111,2279
51113,1613
51115,613
51117,5975
51119,982
51121,21707
51125,2159
51127,1327
51131,2730
51133,1352
51135,3444
51137,4105
51139,3880
51141,3818
51143,9944
51145,1252
51147,3883
51149,3370
51153,28739
51155,4506
51157,733
51159,748
51161,7607
51163,3085
51165,8471
51167,5777
51169,4406
51171,5138
51173,5815
51175,2649
51177,10396
51179,6948
51181,881
51183,1362
51185,7518
51187,3696
51191,6845
51193,2323
51195,8414
51197,4356
51199,4198
51510,12359
51520,3496
51530,1755
51540,10995
51550,21734
51570,1974
51580,1437
51590,9629
51595,1907
51600,1593
51610,361
51620,1762
51630,4108
51640,1766
51650,20187
51660,14326
51670,4165
51678,678
51680,16775
51683,3945
51685,1232
51690,3105
51700,26984
51710,46288
51720,949
51730,8795
51735,502
51740,17000
51750,5497
51760,51828
51770,20514
51775,2578
51790,4052
51800,9835
51810,36267
51820,3796
51830,2401
51840,4200
53001,4019
53003,3301
53005,26013
53007,10466
53009,10682
53011,49314
53013,690
53015,17609
53017,5835
53019,1659
53021,15406
53023,252
53025,16295
53027,12357
53029,7430
53031,3508
53033,226204
53035,26349
53037,8804
53039,3150
53041,12126
53043,1562
53045,10166
53047,8646
53049,3918
53051,2753
53053,102233
53055,1823
53057,18815
53059,1526
53061,74826
53063,74110
53065,7753
53067,32101
53069,674
53071,9535
53073,32328
53075,12580
53077,51694
54001,3482
54003,15235
54005,5529
54007,2941
54009,2960
54011,20110
54013,1314
54015,2530
54017,1190
54019,8683
54021,1781
54023,1791
54025,6530
54027,4721
54029,4835
54031,1863
54033,11072
54035,4743
54037,6222
54039,29703
54041,3357
54043,5870
54045,6902
54047,6943
54049,8980
54051,4128
54053,5075
54055,13236
54057,4562
54059,6654
54061,20923
54063,2252
54065,2218
54067,4636
54069,6658
54071,1500
54073,1260
54075,1382
54077,4574
54079,5494
54081,13322
54083,4610
54085,2071
54087,3165
54089,2184
54091,2731
54093,1013
54095,1765
54097,4189
54099,8468
54101,2307
54103,3169
54105,792
54107,14825
54109,4934
55001,2704
55003,2398
55005,5640
55007,1719
55009,28969
55011,1500
55013,2371
55015,3434
55017,6081
55019,5504
55021,4844
55023,2023
55025,64062
55027,7658
55029,2766
55031,6713
55033,6140
55035,14862
55037,409
55039,9071
55041,1505
55043,7318
55045,3253
55047,2274
55049,2448
55051,653
55053,2810
55055,8597
55057,3567
55059,24823
55061,1800
55063,16616
55065,1800
55067,3063
55069,2800
55071,7957
55073,14095
55075,5168
55077,2069
55078,1535
55079,201124
55081,6676
55083,3466
55085,3632
55087,15723
55089,4467
55091,947
55093,4615
55095,4407
55097,10095
55099,1860
55101,23768
55103,2609
55105,23498
55107,2252
55109,5502
55111,7656
55113,2673
55115,4451
55117,10348
55119,2527
55121,3078
55123,4757
55125,3047
55127,13499
55129,2022
55131,7375
55133,20433
55135,5232
55137,2385
55139,19209
55141,7996
56001,9510
56003,1408
56005,3412
56007,2280
56009,1308
56011,362
56013,5637
56015,2261
56017,500
56019,534
56021,9369
56023,1435
56025,8407
56027,328
56029,2024
56031,1391
56033,2381
56035,812
56037,5058
56039,1638
56041,2845
56043,1137
56045,958
11001,110365
