fips,total_population
39001,28229
39003,105196
39005,53189
39007,99777
39009,64974
39011,45873
39013,69560
39015,44247
39017,372538
39019,28361
39021,39393
39023,136827
39025,200285
39027,41892
39029,105987
39031,36724
39033,42725
39035,1263189
39037,52356
39039,38669
39041,185433
39043,76141
39045,149112
39047,28769
39049,1215761
39051,42485
39053,30565
39055,93874
39057,164192
39059,39626
39061,804194
39063,75428
39065,31736
39067,15633
39069,28015
39071,43170
39073,28914
39075,43436
39077,58937
39079,32854
39081,68053
39083,61004
39085,229437
39087,61827
39089,168693
39091,45484
39093,303152
39095,436261
39097,43456
39099,234550
39101,65943
39103,174831
39105,23473
39107,40863
39109,103517
39111,14547
39113,533763
39115,14913
39117,34996
39119,86016
39121,14508
39123,41162
39125,19165
39127,36025
39129,56515
39131,28396
39133,161897
39135,41682
39137,34184
39139,122312
39141,77334
39143,60187
39145,78017
39147,55929
39149,49067
39151,374979
39153,541847
39155,206373
39157,92697
39159,53470
39161,28576
39163,13234
39165,219916
39167,61351
39169,115371
39171,37386
39173,128885
39175,22467
1007,22604
1009,57710
1011,10678
1013,20354
1015,116648
1017,34079
1019,26008
1021,43819
1023,13395
1025,25070
1027,13537
1029,15002
1031,50884
1033,54444
1035,12865
1037,11027
1039,37886
1041,13938
1043,80965
1045,49866
1047,42154
1049,71068
1051,80763
1053,37935
1055,103766
1057,16896
1059,31634
1061,26815
1063,8697
1065,15256
1067,17252
1069,103534
1071,52860
1073,659026
1075,14133
1077,92737
1079,33586
1081,150982
1083,88805
1085,10742
1087,20018
1089,346438
1091,20306
1093,30387
1095,94318
1097,414251
1099,22217
1101,228138
1103,119786
1105,10038
1107,19856
1109,33155
1111,22648
1113,58302
1115,85864
1117,203530
1119,13341
1121,81437
1123,41153
1125,200458
1127,65923
1129,16997
1131,11235
1133,24130
1001,55221
1003,195121
1005,26932
2013,3304
2016,5684
2020,299107
2050,17776
2060,970
2068,2060
2070,4979
2090,99705
2100,2560
2105,2128
2110,32531
2122,57221
2130,13699
2150,13973
2158,7914
2164,1474
2170,96178
2180,9854
2185,9667
2188,7732
2195,3221
2198,6376
2220,8943
2230,999
2240,7029
2261,9617
2275,2387
2282,643
2290,5644
4001,72124
4003,129647
4005,136701
4007,53165
4009,37407
4011,9023
4012,20335
4013,4018143
4015,203362
4017,107656
4019,998537
4021,389772
4023,47073
4025,215996
4027,202987
5001,18731
5003,21229
5005,41040
5007,238198
5009,37227
5011,11206
5013,5245
5015,27635
5017,11353
5019,22751
5021,15400
5023,25711
5025,8510
5027,24327
5029,21110
5031,101409
5033,61748
5035,49765
5037,17467
5039,7868
5041,12379
5043,18740
5045,119343
5047,17866
5049,12224
5051,96954
5053,18054
5055,43382
5057,22336
5059,33316
5061,13555
5063,36952
5065,13480
5067,17597
5069,73548
5071,25930
5073,7270
5075,17029
5077,9966
5079,14062
5081,12720
5083,22001
5085,70691
5087,15702
5089,16458
5091,43652
5093,44864
5095,7713
5097,9197
5099,8793
5101,8052
5103,25044
5105,10300
5107,20391
5109,11087
5111,24210
5113,20364
5115,62830
5117,8402
5119,390463
5121,17695
5123,27345
5125,113833
5127,10870
5129,7965
5131,127273
5133,17268
5135,17055
5137,12512
5139,40633
5141,17002
5143,216432
5145,78660
5147,6983
5149,21835
6001,1584983
6003,1131
6005,36995
6007,222564
6009,44767
6011,21396
6013,1096068
6015,27788
6017,182093
6019,956749
6021,28029
6023,135034
6025,178206
6027,18373
6029,865736
6031,150998
6033,64158
6035,32645
6037,10038388
6039,153187
6041,258349
6043,17789
6045,87544
6047,263885
6049,9184
6051,14146
6053,428441
6055,140295
6057,98570
6059,3116069
6061,366280
6063,18966
6065,2298032
6067,1465832
6069,57557
6071,2094769
6073,3223096
6075,840763
6077,708554
6079,276517
6081,748731
6083,435850
6085,1868149
6087,269278
6089,178942
6091,3021
6093,43895
6095,425753
6097,495078
6099,527367
6101,95247
6103,63152
6105,13373
6107,454033
6109,54079
6111,840833
6113,207320
6115,73437
8001,471206
8003,16269
8005,608310
8007,12174
8009,3701
8011,5895
8013,310032
8014,60699
8015,18309
8017,2002
8019,9136
8021,8249
8023,3581
8025,5551
8027,4303
8029,30214
8031,649654
8033,1862
8035,306974
8037,52576
8039,23855
8041,655024
8043,46809
8045,57076
8047,5605
8049,14411
8051,15651
8053,874
8055,6502
8057,1335
8059,552344
8061,1463
8063,7980
8065,7362
8067,53182
8069,318227
8071,14503
8073,5478
8075,21928
8077,147834
8079,733
8081,13117
8083,25700
8085,40815
8087,28359
8089,18572
8091,4580
8093,16189
8095,4371
8097,17420
8099,12235
8101,161519
8103,6712
8105,11745
8107,23606
8109,6238
8111,606
8113,7676
8115,2365
8117,28940
8119,23340
8121,4795
8123,270948
8125,10185
9001,939983
9003,896943
9005,186304
9007,165165
9009,862224
9011,273185
9013,151948
9015,117470
10001,169509
10003,549643
10005,207302
12001,254218
12003,27135
12005,175353
12007,27223
12009,553591
12011,1843152
12013,14615
12015,165783
12017,139654
12019,197417
12021,341091
12023,67806
12027,34957
12029,16091
12031,890673
12033,306327
12035,100783
12037,11628
12039,46424
12041,16992
12043,13272
12045,15785
12047,14395
12049,27468
12051,38363
12053,174809
12055,98328
12057,1302884
12059,19635
12061,142866
12063,48900
12065,14198
12067,8801
12069,310561
12071,663675
12073,282940
12075,39821
12077,8295
12079,18729
12081,343729
12083,336811
12085,151586
12086,2639042
12087,75901
12089,75880
12091,192237
12093,39255
12095,1229039
12097,300870
12099,1378806
12101,479288
12103,931477
12105,626676
12107,72696
12109,210495
12111,288006
12113,161021
12115,392038
12117,437346
12119,108501
12121,43595
12123,22685
12125,15191
12127,503719
12129,31128
12131,59487
12133,24629
13001,18417
13003,8294
13005,11222
13007,3292
13009,45795
13011,18336
13013,72012
13015,101336
13017,17477
13019,19019
13021,154816
13023,12746
13025,18452
13027,15637
13029,33151
13031,72386
13033,23007
13035,23445
13037,6489
13039,51445
13043,11031
13045,112595
13047,65375
13049,13130
13051,279290
13053,11914
13055,25241
13057,225944
13059,120905
13061,3104
13063,267234
13065,6791
13067,719133
13069,43003
13071,46024
13073,136204
13075,17033
13077,133416
13079,12539
13081,23314
13083,16445
13085,22673
13087,27378
13089,716331
13091,21180
13093,14293
13095,93310
13097,136520
13099,10579
13101,4048
13103,54630
13105,19537
13107,22731
13109,10814
13111,23742
13113,108655
13115,96169
13117,196236
13119,22110
13121,983903
13123,28673
13125,3087
13127,81743
13129,55889
13131,25243
13133,16331
13135,859234
13137,43527
13139,187916
13141,8881
13143,28565
13145,32776
13147,25498
13149,11617
13151,211512
13153,147570
13155,9408
13157,61420
13159,13593
13161,14990
13163,16374
13165,8922
13167,9794
13169,28738
13171,18114
13173,10403
13175,47886
13177,28946
13179,64427
13181,7720
13183,16588
13185,113203
13187,30921
13189,21582
13191,14007
13193,14045
13195,28232
13197,8739
13199,21297
13201,5936
13205,22982
13207,26915
13209,8968
13211,17900
13213,39401
13215,200285
13217,102645
13219,34400
13221,14688
13223,147400
13225,27086
13227,29740
13229,18934
13231,17812
13233,41215
13235,11590
13237,21247
13239,2326
13241,16266
13243,7315
13245,201291
13247,86901
13249,5074
13251,14206
13253,8769
13255,63873
13257,25620
13259,5868
13261,31429
13263,6490
13265,1721
13267,25302
13269,8401
13271,16416
13273,9213
13275,44824
13277,40787
13279,27210
13281,10800
13283,6762
13285,68867
13287,8338
13289,8509
13291,21725
13293,26528
13295,68285
13297,86201
13299,35723
13301,5561
13303,20785
13305,30046
13307,2720
13309,7956
13311,27791
13313,103456
13315,8972
13317,9991
13319,9386
13321,21156
15001,191482
15003,984178
15005,85
15007,69691
15009,160863
16001,417501
16003,3880
16005,83604
16007,5939
16009,9088
16011,45407
16013,21309
16015,6885
16017,41066
16019,107788
16021,10961
16023,2653
16025,1052
16027,198921
16029,6808
16031,23369
16033,901
16035,8560
16037,4234
16039,26175
16041,12914
16043,12945
16045,16731
16047,15233
16049,16312
16051,26792
16053,22653
16055,145046
16057,38339
16059,7790
16061,3812
16063,5260
16065,37916
16067,20279
16069,39779
16071,4245
16073,11364
16075,22700
16077,7731
16079,12571
16081,10285
16083,80004
16085,9720
16087,10025
17059,5385
17061,13502
17063,50277
17065,8322
17067,18738
17069,4228
17071,7042
17073,49883
17075,29053
17077,59534
17079,9635
17081,38578
17083,22625
17085,22397
17087,12829
17089,524886
17091,112221
17093,120036
17095,52112
17097,702898
17099,112579
17101,16665
17103,35027
17105,37689
17107,29956
17109,32009
17111,307357
17113,173114
17115,109193
17117,46844
17119,267356
17121,38665
17123,12173
17125,14126
17127,15016
17129,12611
17131,16107
17133,33539
17135,29348
17137,35129
17139,14927
17141,52397
17143,187112
17145,21810
17147,16495
17149,16144
17151,4331
17153,5871
17155,5822
17157,33069
17159,16127
17161,147161
17163,267029
17165,24783
17167,199016
17169,7311
17171,5198
17173,22115
17175,5859
17177,46625
17179,135697
17181,17551
17001,67081
17003,7364
17005,17313
17007,53851
17009,6859
17011,34115
17013,4999
17015,14926
17017,13254
17019,205766
17021,34200
17023,16159
17025,13582
17027,37929
17029,53037
17031,5236393
17033,19541
17035,10943
17037,104345
17039,16388
17041,19826
17043,930412
17045,17992
17047,6649
17049,34332
17051,22136
17053,13835
17055,39694
17057,36323
17183,80368
17185,11652
17187,17701
17189,14457
17191,16555
17193,14464
17195,57525
17197,683995
17199,67121
17201,290439
17203,39106
18001,34642
18003,363453
18005,79488
18007,8752
18009,12476
18011,60511
18013,15011
18015,20014
18017,38476
18019,113181
18021,26686
18023,32835
18025,10591
18027,32411
18029,49679
18031,26240
18033,42449
18035,117335
18037,42291
18039,200685
18041,23773
18043,75900
18045,16888
18047,22935
18049,20527
18051,33668
18053,68896
18055,32815
18057,296635
18059,71328
18061,39230
18063,153435
18065,49146
18067,82765
18069,36863
18071,43471
18073,33448
18075,21255
18077,32453
18079,28113
18081,145645
18083,38062
18085,77983
18087,38084
18089,491596
18091,111280
18093,45814
18095,130280
18097,926335
18099,46962
18101,10262
18103,36211
18105,142404
18107,38172
18109,69403
18111,14057
18113,47546
18115,6033
18117,19725
18119,21192
18121,17107
18123,19414
18125,12687
18127,166570
18129,25567
18131,13047
18133,37650
18135,25596
18137,28612
18139,16991
18141,267246
18143,23783
18145,44441
18147,20856
18149,23117
18151,34267
18153,21111
18155,10500
18157,180952
18159,15573
18161,7299
18163,181305
18165,15860
18167,108268
18169,32358
18171,8367
18173,60995
18175,27930
18177,67866
18179,27796
18181,24388
18183,33330
19001,7426
19003,3892
19005,14060
19007,12669
19009,5869
19011,25803
19013,132496
19015,26401
19017,24539
19019,20998
19021,20507
19023,14966
19025,9914
19027,20629
19029,13590
19031,18375
19033,43481
19035,11853
19037,12244
19039,9280
19041,16537
19043,17806
19045,48365
19047,17252
19049,74892
19051,8742
19053,8249
19055,17507
19057,40208
19059,16967
19061,95906
19063,9917
19065,20589
19067,16050
19069,10489
19071,7106
19073,9174
19075,12407
19077,10740
19079,15297
19081,11092
19083,17393
19085,14467
19087,20080
19089,9494
19091,9674
19093,7071
19095,16344
19097,19572
19099,36726
19101,17318
19103,139436
19105,20560
19107,10291
19109,15280
19111,35369
19113,216640
19115,11271
19117,8731
19119,11723
19121,15644
19123,22396
19125,33248
19127,40962
19129,14862
19131,10762
19133,9088
19135,8002
19137,10465
19139,42913
19141,14092
19143,6211
19145,15660
19147,9208
19149,24853
19151,7127
19153,452369
19155,93213
19157,18705
19159,5061
19161,10101
19163,169994
19165,11992
19167,34509
19169,93586
19171,17479
19173,6213
19175,12575
19177,7432
19179,35315
19181,47542
19183,22017
19185,6384
19187,37295
19189,10614
19191,20884
19193,102530
19195,7563
19197,12936
20109,2793
20111,33462
20113,29252
20115,12290
20117,10005
20119,4383
20121,32688
20123,6296
20125,34184
20127,5750
20129,3106
20131,10159
20133,16423
20135,3077
20137,5590
20139,16080
20141,3782
20143,6048
20145,6911
20147,5501
20149,22625
20151,9739
20153,2545
20155,64058
20157,4806
20159,10014
20161,75022
20163,5186
20165,3184
20167,6988
20169,55735
20171,4928
20173,506529
20175,23274
20177,178792
20179,2531
20181,6054
20183,3740
20185,4320
20187,2149
20189,5772
20191,23638
20193,7925
20195,2951
20197,6997
20199,1595
20201,5686
20203,2204
20205,9061
20207,3211
20209,160806
20001,13081
20003,7896
20005,16633
20007,4770
20009,27399
20011,14812
20013,9880
20015,66092
20017,2722
20019,3520
20021,20952
20023,2682
20025,2145
20027,8421
20029,9339
20031,8458
20033,2010
20035,36079
20037,39304
20039,2905
20041,19516
20043,7859
20045,114967
20047,2991
20049,2683
20051,28993
20053,6410
20055,37133
20057,34714
20059,25753
20061,36787
20063,2735
20065,2593
20067,7816
20069,6065
20071,1224
20073,6393
20075,2586
20077,5861
20079,34835
20081,4130
20083,1939
20085,13400
20087,18898
20089,3038
20091,566814
20093,3952
20095,7790
20097,2536
20099,21048
20101,1674
20103,78227
20105,3154
20107,9528
21001,18852
21003,20355
21005,21761
21007,8256
21009,42925
21011,11978
21013,27950
21015,124617
21017,20013
21019,48917
21021,29388
21023,8425
21025,13591
21027,20061
21029,76961
21031,12835
21033,12826
21035,38106
21037,91475
21039,4984
21041,10830
21043,27326
21045,15954
21047,74159
21049,35657
21051,21300
21053,10188
21055,9222
21057,6807
21059,98173
21061,12105
21063,7725
21065,14476
21067,308306
21069,14544
21071,38649
21073,49778
21075,6422
21077,8567
21079,16976
21081,24670
21083,37502
21085,26001
21087,11149
21089,36477
21091,8669
21093,107529
21095,28400
21097,18648
21099,18441
21101,46396
21103,15455
21105,4720
21107,46518
21109,13357
21111,755809
21113,50328
21115,23350
21117,163007
21119,16000
21121,31809
21123,14149
21125,59751
21127,15821
21129,7119
21131,10997
21133,23671
21135,13790
21137,24498
21139,9394
21141,26851
21143,8402
21145,65408
21147,18001
21149,9500
21151,85838
21153,12979
21155,19717
21157,31181
21159,12631
21161,17296
21163,29098
21165,6343
21167,21342
21169,9985
21171,10765
21173,27167
21175,13428
21177,31309
21179,44564
21181,7075
21183,24065
21185,63037
21187,10711
21189,4616
21191,14514
21193,28041
21195,63434
21197,12447
21199,63635
21201,2208
21203,16942
21205,23608
21207,17669
21209,50178
21211,44290
21213,17704
21215,17577
21217,24993
21219,12524
21221,14250
21223,8783
21225,15138
21227,118950
21229,11910
21231,20655
21233,13357
21235,35794
21237,7261
21239,25317
22001,62163
22003,25653
22005,114738
22007,23057
22009,41389
22011,36259
22013,13977
22015,123403
22017,254742
22019,195887
22021,9990
22023,6706
22025,10247
22027,16639
22029,20449
22031,26965
22033,444690
22035,7501
22037,19855
22039,33768
22041,20550
22043,22362
22045,73938
22047,33229
22049,16109
22051,435092
22053,31434
22055,231811
22057,97474
22059,14899
22061,47349
22063,133949
22065,11873
22067,27012
22069,39330
22071,376738
22073,155769
22075,23599
22077,22498
22079,132225
22081,8838
22083,20777
22085,24248
22087,42858
22089,52639
22091,10818
22093,21650
22095,44161
22097,83613
22099,53126
22101,53441
22103,242960
22105,125486
22107,4893
22109,112742
22111,22533
22113,59110
22115,52476
22117,46556
22119,40617
22121,24669
22123,11454
22125,15415
22127,14855
23001,107393
23003,70005
23005,286119
23007,30402
23009,54658
23011,121112
23013,39723
23015,34156
23017,57421
23019,153437
23021,17156
23023,35092
23025,51577
23027,38976
23029,32191
23031,199682
24001,73549
24003,555280
24005,822959
24009,90114
24011,32661
24013,167444
24015,101960
24017,152754
24019,32534
24021,241373
24023,29813
24025,248966
24027,304115
24029,19923
24031,1017859
24033,892816
24035,48600
24037,109614
24039,25980
24041,37799
24043,149270
24045,101182
24047,51519
24510,622454
25001,214766
25003,129288
25005,552763
25007,17048
25009,763849
25011,71144
25013,468041
25015,160759
25017,1556116
25019,10556
25021,687721
25023,503681
25025,758919
25027,810935
26001,10550
26003,9476
26005,112837
26007,29068
26009,23267
26011,15424
26013,8690
26015,59147
26017,106698
26019,17437
26021,155565
26023,43706
26025,134790
26027,51952
26029,26134
26031,25690
26033,38586
26035,30710
26037,76905
26039,13895
26041,36712
26043,26012
26045,108341
26047,33018
26049,415874
26051,25501
26053,15824
26055,89907
26057,41878
26059,46178
26061,36660
26063,32290
26065,283491
26067,64064
26069,25401
26071,11507
26073,70669
26075,159759
26077,256752
26079,17230
26081,622590
26083,2198
26085,11426
26087,88235
26089,21772
26091,98902
26093,184591
26095,6477
26097,11044
26099,854689
26101,24536
26103,67582
26105,28711
26107,43301
26109,23717
26111,83624
26113,14988
26115,150436
26117,63004
26119,9401
26121,171483
26123,48029
26125,1229503
26127,26229
26129,21222
26131,6298
26133,23234
26135,8444
26137,24141
26139,273136
26141,13037
26143,24068
26145,196479
26147,160429
26149,61022
26151,42014
26153,8288
26155,69113
26157,54420
26159,75351
26161,354092
26163,1778969
26165,32751
27001,15839
27003,338764
27005,33138
27007,45434
27009,39221
27011,5134
27013,65125
27015,25391
27017,35443
27019,95715
27021,28519
27023,12154
27025,53834
27027,60879
27029,8752
27031,5194
27033,11632
27035,63048
27037,408456
27039,20290
27041,36620
27043,14230
27045,20843
27047,30897
27049,46377
27051,5961
27053,1197776
27055,18812
27057,20574
27059,38296
27061,45354
27063,10211
27065,16003
27067,42444
27069,4480
27071,13054
27073,7023
27075,10750
27077,3949
27079,27707
27081,5808
27083,25699
27085,36046
27087,5496
27089,9453
27091,20350
27093,23129
27095,25809
27097,32962
27099,39227
27101,8529
27103,33086
27105,21687
27107,6692
27109,148736
27111,57511
27113,14110
27115,29218
27117,9354
27119,31547
27121,10948
27123,527411
27125,4061
27127,15723
27129,15171
27131,64886
27133,9563
27135,15615
27137,200506
27139,137322
27141,90401
27143,15021
27145,152595
27147,36523
27149,9771
27151,9525
27153,24466
27155,3429
27157,21381
27159,13759
27161,19076
27163,246670
27165,11054
27167,6526
27169,51213
27171,128691
27173,10092
28001,31979
28003,37319
28005,12840
28007,19175
28009,8470
28011,33803
28013,14789
28015,10338
28017,17391
28019,8354
28021,9330
28023,16362
28025,20279
28027,25254
28029,28921
28031,19471
28033,168586
28035,76267
28037,7857
28039,23104
28041,14129
28043,21591
28045,45627
28047,196268
28049,245874
28051,18772
28053,8984
28055,1291
28057,23451
28059,140676
28061,16588
28063,7586
28065,11941
28067,68276
28069,10211
28071,51169
28073,58885
28075,79832
28077,12586
28079,23153
28081,85036
28083,31516
28085,34765
28087,59699
28089,100202
28091,26109
28093,36385
28095,36175
28097,10464
28099,29553
28101,21663
28103,11143
28105,49048
28107,34373
28109,55196
28111,12187
28113,40075
28115,30517
28117,25380
28119,7761
28121,146761
28123,28293
28125,4805
28127,27401
28129,16257
28131,17978
28133,27911
28135,14959
28137,28415
28139,22054
28141,19539
28143,10477
28145,27811
28147,14978
28149,48020
28151,49499
28153,20564
28155,9999
28157,9345
28159,18697
28161,12381
28163,27911
29151,13758
29153,9537
29155,17837
29157,19100
29159,42215
29161,45029
29163,18517
29165,93394
29167,31107
29169,53443
29171,4895
29173,10243
29175,25135
29177,23031
29179,6578
29181,13990
29183,374805
29185,9520
29186,17990
29187,66010
29189,1001327
29195,23334
29197,4395
29199,4873
29201,39061
29203,8317
29205,6179
29207,29837
29209,31375
29211,6512
29213,53555
29215,25735
29217,20878
29219,33043
29221,25048
29223,13397
29225,36690
29227,2082
29229,18449
29510,317850
29001,25560
29003,17328
29005,5440
29007,25783
29009,35726
29011,12166
29013,16643
29015,18854
29017,12356
29019,170770
29021,89561
29023,42951
29025,9083
29027,44566
29029,43927
29031,77606
29033,9096
29035,6284
29037,100781
29039,13892
29041,7650
29043,80904
29045,6919
29047,230361
29049,20498
29051,76533
29053,17593
29055,24660
29057,7618
29059,16564
29061,8277
29063,12782
29065,15612
29067,13516
29069,31562
29071,101828
29073,14948
29075,6785
29077,283206
29079,10256
29081,8722
29083,22034
29085,9335
29087,4615
29089,10182
29091,40326
29093,10322
29095,680905
29097,117184
29099,221577
29101,54155
29103,4035
29105,35514
29107,32916
29109,38244
29111,10172
29113,53850
29115,12401
29117,15042
29119,22763
29121,15460
29123,12401
29125,9057
29127,28840
29129,3718
29131,24956
29133,14208
29135,15801
29137,8680
29139,11939
29141,20225
29143,18411
29145,58777
29147,23186
29149,10979
30001,9291
30003,13141
30005,6598
30007,5692
30009,10268
30011,1227
30013,82090
30015,5855
30017,11945
30019,1758
30021,9365
30023,9211
30025,3057
30027,11468
30029,93333
30031,95323
30033,1047
30035,13672
30037,756
30039,3168
30041,16523
30043,11502
30045,1997
30047,29157
30049,65357
30051,2369
30053,19337
30055,1728
30057,7767
30059,1898
30061,4238
30063,111966
30065,4790
30067,15708
30069,443
30071,4167
30073,6206
30075,1703
30077,6975
30079,1372
30081,40823
30083,11132
30085,11072
30087,9352
30089,11346
30091,3630
30093,34549
30095,9288
30097,3633
30099,6074
30101,5150
30103,812
30105,7577
30107,2115
30109,986
30111,153692
31001,31442
31003,6486
31005,448
31007,820
31009,551
31011,5373
31013,11310
31015,2039
31017,3078
31019,47958
31021,6647
31023,8256
31025,25360
31027,8675
31029,3897
31031,5770
31033,10077
31035,6382
31037,10522
31039,9078
31041,10802
31043,20798
31045,9136
31047,24069
31049,1946
31051,5866
31053,36725
31055,537655
31057,2015
31059,5697
31061,3105
31063,2573
31065,4887
31067,21818
31069,1823
31071,1933
31073,1976
31075,769
31077,2476
31079,60792
31081,9100
31083,3458
31085,1084
31087,2879
31089,10398
31091,681
31093,6347
31095,7433
31097,5167
31099,6549
31101,8146
31103,711
31105,3720
31107,8556
31109,298080
31111,35896
31113,851
31115,548
31117,433
31119,35111
31121,7776
31123,4874
31125,3639
31127,7168
31129,4391
31131,15842
31133,2726
31135,2924
31137,9216
31139,7184
31141,32642
31143,5271
31145,10946
31147,8201
31149,1401
31151,14360
31153,169192
31155,20913
31157,36684
31159,16998
31161,5294
31163,3107
31165,1249
31167,6081
31169,5182
31171,675
31173,6946
31175,4254
31177,20257
31179,9425
31181,3697
31183,847
31185,13825
32001,24252
32003,2035572
32005,47259
32007,51562
32009,1141
32011,1669
32013,17067
32015,5946
32017,5194
32019,51657
32021,4566
32023,42625
32027,6722
32029,3929
32031,435019
32033,9974
32510,54482
33001,60399
33003,47513
33005,76430
33007,31870
33009,89341
33011,403972
33013,147262
33015,299006
33017,125273
33019,43135
34001,275376
34003,926330
34005,450556
34007,511998
34009,95805
34011,157035
34013,791609
34015,290298
34017,662619
34019,126250
34021,370212
34023,830300
34025,629185
34027,498192
34029,583450
34031,507574
34033,65120
34035,330604
34037,145930
34039,548744
34041,107226
35001,673943
35003,3583
35005,65811
35006,27382
35007,12997
35009,50497
35011,2020
35013,213963
35015,55641
35017,29119
35019,4526
35021,565
35023,4643
35025,68149
35027,19931
35028,17939
35029,24789
35031,73998
35033,4660
35035,65318
35037,8698
35039,39949
35041,19908
35043,136638
35045,125133
35047,28668
35049,147108
35051,11615
35053,17494
35055,32943
35057,15853
35059,4339
35061,76297
36081,2301139
36083,159900
36085,472481
36087,320688
36089,112011
36091,223774
36093,154796
36095,31913
36097,18410
36099,35144
36101,98665
36103,1501373
36105,76330
36107,50199
36109,103855
36111,181300
36113,65180
36115,62700
36117,92416
36119,967315
36121,41446
36123,25187
36001,307463
36003,48070
36005,1428357
36007,198093
36009,78962
36011,79173
36013,132646
36015,88267
36017,49549
36019,81685
36021,62195
36023,49043
36025,46901
36027,296928
36029,921584
36031,38912
36033,51280
36035,54606
36037,59458
36039,48312
36041,4760
36043,64034
36045,118947
36047,2595259
36049,27124
36051,64801
36053,72427
36055,749356
36057,49779
36059,1354612
36061,1629507
36063,214150
36065,233558
36067,468304
36069,109192
36071,375384
36073,42204
36075,121183
36077,61399
36079,99488
37001,155258
37003,37158
37005,10911
37007,26135
37009,27114
37011,17695
37013,47561
37015,20518
37017,34720
37019,115926
37021,247336
37023,89548
37025,188375
37027,81758
37029,10161
37031,68228
37033,23174
37035,154610
37037,67431
37039,27092
37041,14656
37043,10656
37045,97178
37047,57230
37049,104450
37051,324603
37053,24492
37055,34863
37057,163867
37059,41447
37061,59453
37063,288817
37065,55280
37067,361684
37069,62296
37071,209807
37073,11724
37075,8700
37077,58109
37079,21328
37081,506763
37083,53407
37085,124320
37087,59170
37089,109719
37091,24368
37093,51075
37095,5693
37097,165066
37099,40812
37101,178396
37103,10166
37105,59418
37107,58782
37109,79578
37111,44961
37113,33919
37115,21027
37117,23729
37119,990288
37121,15330
37123,27601
37125,91743
37127,94722
37129,213091
37131,21011
37133,183753
37135,138644
37137,12982
37139,40018
37141,55166
37143,13498
37145,39262
37147,173798
37149,20327
37151,142370
37153,46046
37155,134871
37157,92300
37159,138361
37161,66865
37163,63873
37165,35932
37167,60586
37169,46661
37171,73170
37173,14163
37175,32928
37177,4152
37179,213422
37181,44829
37183,976019
37185,20468
37187,12668
37189,52240
37191,124355
37193,68946
37195,81581
37197,37971
37199,17604
38001,2341
38003,11097
38005,6794
38007,969
38009,6634
38011,3221
38013,2208
38015,88223
38017,162500
38019,3890
38021,5195
38023,2314
38025,4195
38027,2370
38029,3463
38031,3366
38033,1822
38035,68979
38037,2362
38039,2329
38041,2621
38043,2430
38045,4113
38047,1945
38049,5817
38051,2759
38053,9615
38055,9451
38057,8633
38059,28985
38061,9253
38063,3048
38065,1819
38067,7206
38069,4395
38071,11566
38073,5453
38075,2562
38077,16317
38079,14498
38081,3874
38083,1337
38085,4380
38087,673
38089,28628
38091,1979
38093,21076
38095,2294
38097,8077
38099,11005
38101,67736
38103,4204
38105,29619
40001,22236
40003,5755
40005,13906
40007,5530
40009,23300
40011,9810
40013,44003
40015,29495
40017,126193
40019,48442
40021,48097
40023,15120
40025,2341
40027,268614
40029,5812
40031,125531
40033,6112
40035,14744
40037,70761
40039,28978
40041,41409
40043,4863
40045,4121
40047,62192
40049,27455
40051,53612
40053,4517
40055,6117
40057,2866
40059,3766
40061,12850
40063,13785
40065,26056
40067,6333
40069,11022
40071,45587
40073,15302
40075,9302
40077,10774
40079,49899
40081,34504
40083,44493
40085,9663
40087,36512
40089,33143
40091,20280
40093,7700
40095,16014
40097,41007
40099,13733
40101,70224
40103,11506
40105,10555
40107,12248
40109,754480
40111,39446
40113,48054
40115,32085
40117,16499
40119,79423
40121,44961
40123,38055
40125,71136
40127,11226
40129,3780
40131,89190
40133,25481
40135,41464
40137,44806
40139,21588
40141,7715
40143,623335
40145,75391
40147,51760
40149,11649
40151,9033
40153,20986
41001,16052
41003,86495
41005,389438
41007,37382
41009,49389
41011,62775
41013,20956
41015,22338
41017,166622
41019,107194
41021,1883
41023,7276
41025,7229
41027,22749
41029,208363
41031,22061
41033,83409
41035,65972
41037,7842
41039,357060
41041,46347
41043,118971
41045,30551
41047,323259
41049,11204
41051,768418
41053,77264
41055,1795
41057,25430
41059,76738
41061,25745
41063,6857
41065,25492
41067,556210
41069,1348
41071,101119
42001,101767
42003,1231145
42005,67979
42007,169785
42009,49086
42011,413965
42013,126448
42015,62228
42017,626583
42019,185689
42021,139381
42023,4869
42025,64634
42027,157823
42029,509797
42031,39454
42033,81343
42035,39614
42037,66912
42039,87343
42041,241427
42043,271094
42045,561683
42047,31370
42049,279858
42051,134851
42053,7581
42055,152285
42057,14694
42059,37938
42061,45906
42063,87895
42065,44756
42067,24829
42069,213459
42071,530216
42073,89162
42075,135776
42077,356756
42079,320095
42081,116656
42083,42884
42085,115320
42087,46675
42089,167881
42091,812970
42093,18508
42095,299616
42097,94006
42099,45677
42101,1555072
42103,56632
42105,17377
42107,146360
42109,40046
42111,76617
42113,6381
42115,42369
42117,42284
42119,44958
42121,53906
42123,40962
42125,208226
42127,51642
42129,361251
42131,28147
42133,439660
44001,49176
44003,164958
44005,82663
44007,630459
44009,126405
45001,24997
45003,163908
45005,9838
45007,191215
45009,15432
45011,22098
45013,171420
45015,193613
45017,14958
45019,372904
45021,55863
45023,32556
45025,46192
45027,34178
45029,38004
45031,67922
45033,31435
45035,145715
45037,26466
45039,23108
45041,138330
45043,60572
45045,474903
45047,69771
45049,20473
45051,290730
45053,26549
45055,62722
45057,81263
45059,66389
45061,18461
45063,273843
45065,9895
45067,32167
45069,27993
45071,37690
45073,74949
45075,90575
45077,120124
45079,397899
45081,20000
45083,291240
45085,107777
45087,28125
45089,33238
45091,240076
46003,2729
46005,18168
46007,3438
46009,7013
46011,33046
46013,38060
46015,5330
46017,2038
46019,10292
46021,1548
46023,9239
46025,3625
46027,14011
46029,27750
46031,4149
46033,8394
46035,19787
46037,5618
46039,4341
46041,5579
46043,2973
46045,4018
46047,6906
46049,2359
46051,7227
46053,4226
46055,2083
46057,5982
46059,3375
46061,3386
46063,1328
46065,17466
46067,7226
46069,1413
46071,3237
46073,2031
46075,781
46077,5107
46079,12086
46081,24645
46083,49874
46085,3837
46087,5613
46089,2263
46091,4701
46093,26381
46095,2086
46097,2306
46099,178942
46101,6439
46102,14153
46103,106085
46105,2981
46107,2307
46109,10318
46111,2339
46115,6570
46117,2962
46119,1469
46121,9942
46123,5504
46125,8302
46127,14842
46129,5495
46135,22636
46137,2833
47105,50229
47107,52506
47109,26103
47111,22761
47113,98184
47115,28306
47117,31159
47119,84089
47121,11716
47123,45293
47125,185980
47127,6351
47129,21794
47131,31129
47133,22100
47135,7864
47137,5097
47139,16687
47141,73810
47143,32394
47145,53162
47147,67426
47149,282558
47151,22043
47153,14592
47155,93617
47157,937750
47159,19136
47161,13286
47163,156752
47165,169623
47167,61674
47169,7884
47171,18069
47173,19096
47175,5596
47177,40015
47179,125317
47181,16897
47183,34415
47185,26252
47187,199456
47189,122445
47001,75430
47003,45986
47005,16261
47007,13686
47009,125188
47011,102062
47013,40176
47015,13787
47017,28353
47019,56941
47021,39422
47023,17324
47025,31748
47027,7780
47029,35321
47031,53448
47033,14600
47035,57455
47037,658506
47039,11686
47041,19038
47043,50472
47045,38054
47047,38814
47049,17931
47051,41138
47053,49572
47055,28949
47057,22736
47059,68576
47061,13524
47063,62999
47065,348121
47067,6642
47069,26253
47071,25900
47073,56595
47075,18248
47077,28013
47079,32269
47081,24283
47083,8290
47085,18240
47087,11496
47089,52490
47091,18017
47093,444348
47095,7687
47097,27427
47099,42226
47101,11944
47103,33550
48001,57915
48003,16775
48005,87748
48007,24292
48009,8779
48011,1943
48013,47050
48015,28886
48017,7126
48019,20796
48021,76948
48023,3628
48025,32659
48027,326041
48029,1825502
48031,10723
48033,705
48035,17971
48037,93155
48039,331741
48041,205271
48043,9235
48045,1670
48047,7221
48049,37833
48051,17293
48053,44144
48055,39347
48057,21666
48059,13532
48061,417947
48063,12516
48065,6068
48067,30328
48069,7948
48071,37251
48073,51167
48075,7059
48077,10479
48079,2993
48081,3238
48083,8536
48085,862215
48087,3058
48089,20757
48091,119632
48093,13623
48095,4086
48097,38761
48099,76128
48101,1510
48103,4730
48105,3699
48107,6007
48109,2296
48111,7014
48113,2485003
48115,13542
48117,19245
48119,5223
48121,731851
48123,20540
48125,2281
48127,10682
48129,3588
48131,11577
48133,18328
48135,149557
48137,1906
48139,157058
48141,831095
48143,40039
48145,17410
48147,33748
48149,24849
48151,3858
48153,6178
48155,1197
48157,658331
48159,10599
48161,19586
48163,18168
48165,18916
48167,308163
48169,6410
48171,25398
48173,1180
48175,7410
48177,20172
48179,22983
48181,122780
48183,123178
48185,26961
48187,143460
48189,35504
48191,3203
48193,8266
48195,5559
48197,3992
48199,55375
48201,4356362
48203,66417
48205,6121
48207,5853
48209,177562
48211,4115
48213,79016
48215,819217
48217,34923
48219,23322
48221,53171
48223,35645
48225,22949
48227,36105
48229,3330
48231,88052
48233,21858
48235,1644
48237,8946
48239,14486
48241,35768
48243,2232
48245,252872
48247,5239
48249,41461
48251,155450
48253,19978
48255,14879
48257,109289
48259,37361
48261,565
48263,821
48265,50149
48267,4486
48269,267
48271,3577
48273,32029
48275,3796
48277,49566
48279,13742
48281,20219
48283,7191
48285,19549
48287,16664
48289,16819
48291,77486
48293,23454
48295,3483
48297,11873
48299,19323
48301,117
48303,290782
48305,5764
48307,8273
48309,241505
48311,778
48313,13838
48315,10248
48317,5252
48319,4066
48321,36598
48323,56548
48325,47392
48327,2182
48329,151290
48331,24344
48333,4875
48335,9169
48337,19478
48339,502586
48341,22281
48343,12700
48345,1071
48347,65531
48349,48118
48351,14231
48353,15061
48355,352060
48357,10642
48359,2071
48361,83217
48363,27921
48365,23900
48367,121418
48369,10004
48371,15807
48373,46113
48375,122352
48377,7304
48379,11037
48381,126782
48383,3598
48385,3356
48387,12567
48389,14179
48391,7277
48393,931
48395,16532
48397,85536
48399,10445
48401,53457
48403,10440
48405,8695
48407,27023
48409,66070
48411,5893
48413,3224
48415,17238
48417,3352
48419,25725
48421,3066
48423,217552
48425,8608
48427,62648
48429,9452
48431,1346
48433,1414
48435,3966
48437,7713
48439,1914526
48441,134435
48443,921
48445,12687
48447,1545
48449,32553
48451,115056
48453,1121645
48455,14405
48457,21462
48459,40096
48461,3405
48463,26952
48465,48980
48467,52736
48469,90099
48471,69330
48473,45847
48475,11225
48477,34236
48479,263251
48481,41264
48483,5618
48485,131957
48487,13158
48489,22002
48491,473592
48493,45509
48495,7576
48497,61243
48499,42712
48501,8213
48503,18329
48505,14308
48507,12060
49047,35721
49049,551957
49051,26661
49053,148244
49055,2722
49057,238682
49001,6461
49003,50991
49005,117449
49007,20927
49009,776
49011,323374
49013,19817
49015,10728
49017,5069
49019,9388
49021,47139
49023,10400
49025,7202
49027,12582
49029,10276
49031,1865
49033,2292
49035,1078958
49037,15152
49039,28261
49041,20871
49043,38521
49045,60893
50001,36943
50003,36589
50005,31012
50007,159711
50009,6207
50011,48418
50013,6952
50015,25027
50017,28929
50019,27146
50021,60530
50023,59132
50025,43858
50027,56150
51001,33115
51003,103108
51005,16066
51007,12777
51009,32148
51011,15208
51013,223945
51015,74053
51017,4583
51019,76463
51021,6662
51023,33155
51025,16930
51027,23486
51029,17068
51031,55012
51033,29349
51035,29856
51036,7118
51037,12313
51041,328176
51043,14299
51045,5212
51047,48424
51049,9859
51051,15463
51053,28110
51057,11151
51059,1128722
51061,67463
51063,15523
51065,26014
51067,56315
51069,81340
51071,16907
51073,37001
51075,21721
51077,15573
51079,18938
51081,11760
51083,35506
51085,101340
51087,318864
51089,52580
51091,2244
51093,35740
51095,70673
51097,7106
51099,24933
51101,16097
51103,11129
51105,25206
51107,351129
51109,33986
51111,12558
51113,13147
51115,8880
51117,31555
51119,10717
51121,96467
51125,14858
51127,19560
51131,12184
51133,12304
51135,15711
51137,34596
51139,23843
51141,18264
51143,62794
51145,28207
51147,23022
51149,37380
51153,437271
51155,34528
51157,7431
51159,8989
51161,93633
51163,22444
51165,77785
51167,28245
51169,22570
51171,42724
51173,31734
51175,18410
51177,127691
51179,137145
51181,6823
51183,11864
51185,43870
51187,38481
51191,54759
51193,17557
51195,40530
51197,29190
51199,66471
51510,149315
51520,17524
51530,6666
51540,45084
51550,230601
51570,17515
51580,5736
51590,42450
51595,5672
51600,23402
51610,13308
51620,8457
51630,27395
51640,6876
51650,137081
51660,51388
51670,22279
51678,7071
51680,78158
51683,40743
51685,15625
51690,13624
51700,181323
51710,245452
51720,4007
51730,32123
51735,12077
51740,96135
51750,17057
51760,213735
51770,98736
51775,25165
51790,24193
51800,86184
51810,448290
51820,21150
51830,14754
51840,27168
53001,19081
53003,22040
53005,184930
53007,74267
53009,72397
53011,444506
53013,3989
53015,102338
53017,39599
53019,7652
53021,86443
53023,2230
53025,92070
53027,71419
53029,79329
53031,30083
53033,2045756
53035,255441
53037,42204
53039,20820
53041,75515
53043,10363
53045,60791
53047,41332
53049,20645
53051,12968
53053,821952
53055,15956
53057,119343
53059,11243
53061,746653
53063,480832
53065,43548
53067,262723
53069,4035
53071,59726
53073,207100
53075,46737
53077,247408
54001,16731
54003,108724
54005,24000
54007,14466
54009,23665
54011,96824
54013,7557
54015,9141
54017,8201
54019,45534
54021,8644
54023,11815
54025,35666
54027,23542
54029,30201
54031,13936
54033,68998
54035,29256
54037,55214
54039,190781
54041,16434
54043,21560
54045,35760
54047,20802
54049,56790
54051,32480
54053,27177
54055,61891
54057,27755
54059,25931
54061,101668
54063,13525
54065,17475
54067,25930
54069,43637
54071,7402
54073,7636
54075,8697
54077,33809
54079,56596
54081,78493
54083,29365
54085,10140
54087,14636
54089,13544
54091,16977
54093,6972
54095,9033
54097,24560
54099,41499
54101,8927
54103,16157
54105,5841
54107,86559
54109,22866
55001,20451
55003,15993
55005,45686
55007,15050
55009,254717
55011,13319
55013,15334
55015,49678
55017,63209
55019,34518
55021,56607
55023,16483
55025,510198
55027,88547
55029,27731
55031,43799
55033,44159
55035,101281
55037,4476
55039,101920
55041,9150
55043,51489
55045,37044
55047,18966
55049,23769
55051,5907
55053,20543
55055,84345
55057,26494
55059,167738
55061,20483
55063,117048
55065,16835
55067,19551
55069,28286
55071,80521
55073,135177
55075,41287
55077,15140
55078,4451
55079,955939
55081,45274
55083,37476
55085,35653
55087,180430
55089,87273
55091,7372
55093,40799
55095,43572
55097,70432
55099,13800
55101,194895
55103,17746
55105,160727
55107,14357
55109,86118
55111,62992
55113,16483
55115,41563
55117,115226
55119,20569
55121,29412
55123,30279
55125,21355
55127,103039
55129,15700
55131,132921
55133,393873
55135,52125
55137,24321
55139,169004
55141,74012
56001,37565
56003,11895
56005,48013
56007,15739
56009,14101
56011,7229
56013,40755
56015,13544
56017,4809
56019,8600
56021,95431
56023,18316
56025,80011
56027,2516
56029,28985
56031,8750
56033,29738
56035,10117
56037,44772
56039,22311
56041,20930
56043,8400
56045,7152
11001,647484
